2025-06-27 20:28:32,391 [MainThread  ] [ERROR]  An error occurred during the simulation.
Traceback (most recent call last):
  File "/home/sahal.mullappilly/mohammad/MedAgentSim/medsim/run.py", line 217, in prep
    is_correct = run_simulation_idx(
                 ^^^^^^^^^^^^^^^^^^^
  File "/home/sahal.mullappilly/mohammad/MedAgentSim/medsim/run.py", line 424, in run_simulation_idx
    is_correct = run_interaction_loop(
                 ^^^^^^^^^^^^^^^^^^^^^
  File "/home/sahal.mullappilly/mohammad/MedAgentSim/medsim/run.py", line 494, in run_interaction_loop
    doctor_dialogue = doctor_agent.inference_doctor(
                      ^^^^^^^^^^^^^^^^^^^^^^^^^^^^^^
  File "/l/users/sahal.mullappilly/miniconda3/envs/omnigen/lib/python3.11/site-packages/medsim/agents.py", line 352, in inference_doctor
    return self.internal_discussion(patient_response, image_requested)
           ^^^^^^^^^^^^^^^^^^^^^^^^^^^^^^^^^^^^^^^^^^^^^^^^^^^^^^^^^^^
  File "/l/users/sahal.mullappilly/miniconda3/envs/omnigen/lib/python3.11/site-packages/medsim/agents.py", line 406, in internal_discussion
    generate_single('temp_question.json')
TypeError: generate_single() missing 2 required positional arguments: 'scenario_id' and 'save_path'
2025-06-27 21:39:22,870 [MainThread  ] [ERROR]  An error occurred during the simulation.
Traceback (most recent call last):
  File "/home/sahal.mullappilly/mohammad/MedAgentSim/medsim/run.py", line 217, in prep
    is_correct = run_simulation_idx(
                 ^^^^^^^^^^^^^^^^^^^
  File "/home/sahal.mullappilly/mohammad/MedAgentSim/medsim/run.py", line 424, in run_simulation_idx
    is_correct = run_interaction_loop(
                 ^^^^^^^^^^^^^^^^^^^^^
  File "/home/sahal.mullappilly/mohammad/MedAgentSim/medsim/run.py", line 494, in run_interaction_loop
    doctor_dialogue = doctor_agent.inference_doctor(
                      ^^^^^^^^^^^^^^^^^^^^^^^^^^^^^^
  File "/l/users/sahal.mullappilly/miniconda3/envs/omnigen/lib/python3.11/site-packages/medsim/agents.py", line 352, in inference_doctor
    return self.internal_discussion(patient_response, image_requested, scenario_id)
           ^^^^^^^^^^^^^^^^^^^^^^^^^^^^^^^^^^^^^^^^^^^^^^^^^^^^^^^^^^^^^^^^^^^^^^^^
  File "/l/users/sahal.mullappilly/miniconda3/envs/omnigen/lib/python3.11/site-packages/medsim/agents.py", line 406, in internal_discussion
    generate_single(self.backend, scenario_id, 'temp_question.json')
  File "/home/sahal.mullappilly/mohammad/MedAgentSim/MedPromptSimulate/src/promptbase/mmlu/generate.py", line 94, in generate_single
    MMLU.generate_solutions_without_rank(
  File "/home/sahal.mullappilly/mohammad/MedAgentSim/MedPromptSimulate/src/promptbase/mmlu/MMLU.py", line 145, in generate_solutions_without_rank
    options = copy.deepcopy(cot_without_rank)
              ^^^^^^^^^^^^^^^^^^^^^^^^^^^^^^^
  File "/l/users/sahal.mullappilly/miniconda3/envs/omnigen/lib/python3.11/copy.py", line 146, in deepcopy
    y = copier(x, memo)
        ^^^^^^^^^^^^^^^
  File "/l/users/sahal.mullappilly/miniconda3/envs/omnigen/lib/python3.11/copy.py", line 231, in _deepcopy_dict
    y[deepcopy(key, memo)] = deepcopy(value, memo)
                             ^^^^^^^^^^^^^^^^^^^^^
  File "/l/users/sahal.mullappilly/miniconda3/envs/omnigen/lib/python3.11/copy.py", line 172, in deepcopy
    y = _reconstruct(x, memo, *rv)
        ^^^^^^^^^^^^^^^^^^^^^^^^^^
  File "/l/users/sahal.mullappilly/miniconda3/envs/omnigen/lib/python3.11/copy.py", line 271, in _reconstruct
    state = deepcopy(state, memo)
            ^^^^^^^^^^^^^^^^^^^^^
  File "/l/users/sahal.mullappilly/miniconda3/envs/omnigen/lib/python3.11/copy.py", line 146, in deepcopy
    y = copier(x, memo)
        ^^^^^^^^^^^^^^^
  File "/l/users/sahal.mullappilly/miniconda3/envs/omnigen/lib/python3.11/copy.py", line 231, in _deepcopy_dict
    y[deepcopy(key, memo)] = deepcopy(value, memo)
                             ^^^^^^^^^^^^^^^^^^^^^
  File "/l/users/sahal.mullappilly/miniconda3/envs/omnigen/lib/python3.11/copy.py", line 146, in deepcopy
    y = copier(x, memo)
        ^^^^^^^^^^^^^^^
  File "/l/users/sahal.mullappilly/miniconda3/envs/omnigen/lib/python3.11/copy.py", line 206, in _deepcopy_list
    append(deepcopy(a, memo))
           ^^^^^^^^^^^^^^^^^
  File "/l/users/sahal.mullappilly/miniconda3/envs/omnigen/lib/python3.11/copy.py", line 172, in deepcopy
    y = _reconstruct(x, memo, *rv)
        ^^^^^^^^^^^^^^^^^^^^^^^^^^
  File "/l/users/sahal.mullappilly/miniconda3/envs/omnigen/lib/python3.11/copy.py", line 271, in _reconstruct
    state = deepcopy(state, memo)
            ^^^^^^^^^^^^^^^^^^^^^
  File "/l/users/sahal.mullappilly/miniconda3/envs/omnigen/lib/python3.11/copy.py", line 146, in deepcopy
    y = copier(x, memo)
        ^^^^^^^^^^^^^^^
  File "/l/users/sahal.mullappilly/miniconda3/envs/omnigen/lib/python3.11/copy.py", line 211, in _deepcopy_tuple
    y = [deepcopy(a, memo) for a in x]
        ^^^^^^^^^^^^^^^^^^^^^^^^^^^^^^
  File "/l/users/sahal.mullappilly/miniconda3/envs/omnigen/lib/python3.11/copy.py", line 211, in <listcomp>
    y = [deepcopy(a, memo) for a in x]
         ^^^^^^^^^^^^^^^^^
  File "/l/users/sahal.mullappilly/miniconda3/envs/omnigen/lib/python3.11/copy.py", line 146, in deepcopy
    y = copier(x, memo)
        ^^^^^^^^^^^^^^^
  File "/l/users/sahal.mullappilly/miniconda3/envs/omnigen/lib/python3.11/copy.py", line 231, in _deepcopy_dict
    y[deepcopy(key, memo)] = deepcopy(value, memo)
                             ^^^^^^^^^^^^^^^^^^^^^
  File "/l/users/sahal.mullappilly/miniconda3/envs/omnigen/lib/python3.11/copy.py", line 172, in deepcopy
    y = _reconstruct(x, memo, *rv)
        ^^^^^^^^^^^^^^^^^^^^^^^^^^
  File "/l/users/sahal.mullappilly/miniconda3/envs/omnigen/lib/python3.11/copy.py", line 271, in _reconstruct
    state = deepcopy(state, memo)
            ^^^^^^^^^^^^^^^^^^^^^
  File "/l/users/sahal.mullappilly/miniconda3/envs/omnigen/lib/python3.11/copy.py", line 146, in deepcopy
    y = copier(x, memo)
        ^^^^^^^^^^^^^^^
  File "/l/users/sahal.mullappilly/miniconda3/envs/omnigen/lib/python3.11/copy.py", line 211, in _deepcopy_tuple
    y = [deepcopy(a, memo) for a in x]
        ^^^^^^^^^^^^^^^^^^^^^^^^^^^^^^
  File "/l/users/sahal.mullappilly/miniconda3/envs/omnigen/lib/python3.11/copy.py", line 211, in <listcomp>
    y = [deepcopy(a, memo) for a in x]
         ^^^^^^^^^^^^^^^^^
  File "/l/users/sahal.mullappilly/miniconda3/envs/omnigen/lib/python3.11/copy.py", line 146, in deepcopy
    y = copier(x, memo)
        ^^^^^^^^^^^^^^^
  File "/l/users/sahal.mullappilly/miniconda3/envs/omnigen/lib/python3.11/copy.py", line 231, in _deepcopy_dict
    y[deepcopy(key, memo)] = deepcopy(value, memo)
                             ^^^^^^^^^^^^^^^^^^^^^
  File "/l/users/sahal.mullappilly/miniconda3/envs/omnigen/lib/python3.11/copy.py", line 172, in deepcopy
    y = _reconstruct(x, memo, *rv)
        ^^^^^^^^^^^^^^^^^^^^^^^^^^
  File "/l/users/sahal.mullappilly/miniconda3/envs/omnigen/lib/python3.11/copy.py", line 265, in _reconstruct
    y = func(*args)
        ^^^^^^^^^^^
  File "/l/users/sahal.mullappilly/miniconda3/envs/omnigen/lib/python3.11/copyreg.py", line 105, in __newobj__
    return cls.__new__(cls, *args)
           ^^^^^^^^^^^^^^^^^^^^^^^
TypeError: Identifier.__new__() missing 1 required keyword-only argument: 'token'
2025-06-27 22:37:44,148 [MainThread  ] [ERROR]  Error occurred during run_batch_jobs.
Traceback (most recent call last):
  File "/home/sahal.mullappilly/mohammad/MedAgentSim/MedPromptSimulate/src/promptbase/mmlu/utils.py", line 93, in run_batch_jobs
    result = future.result()
             ^^^^^^^^^^^^^^^
  File "/l/users/sahal.mullappilly/miniconda3/envs/omnigen/lib/python3.11/concurrent/futures/_base.py", line 449, in result
    return self.__get_result()
           ^^^^^^^^^^^^^^^^^^^
  File "/l/users/sahal.mullappilly/miniconda3/envs/omnigen/lib/python3.11/concurrent/futures/_base.py", line 401, in __get_result
    raise self._exception
  File "/l/users/sahal.mullappilly/miniconda3/envs/omnigen/lib/python3.11/concurrent/futures/thread.py", line 58, in run
    result = self.fn(*self.args, **self.kwargs)
             ^^^^^^^^^^^^^^^^^^^^^^^^^^^^^^^^^^
  File "/home/sahal.mullappilly/mohammad/MedAgentSim/MedPromptSimulate/src/promptbase/mmlu/experiment.py", line 484, in solve
    prompt = options["prompt"].render(
             ~~~~~~~^^^^^^^^^^
KeyError: 'prompt'
2025-06-27 22:37:44,152 [MainThread  ] [ERROR]  Error occurred during run_batch_jobs.
Traceback (most recent call last):
  File "/home/sahal.mullappilly/mohammad/MedAgentSim/MedPromptSimulate/src/promptbase/mmlu/utils.py", line 93, in run_batch_jobs
    result = future.result()
             ^^^^^^^^^^^^^^^
  File "/l/users/sahal.mullappilly/miniconda3/envs/omnigen/lib/python3.11/concurrent/futures/_base.py", line 449, in result
    return self.__get_result()
           ^^^^^^^^^^^^^^^^^^^
  File "/l/users/sahal.mullappilly/miniconda3/envs/omnigen/lib/python3.11/concurrent/futures/_base.py", line 401, in __get_result
    raise self._exception
  File "/l/users/sahal.mullappilly/miniconda3/envs/omnigen/lib/python3.11/concurrent/futures/thread.py", line 58, in run
    result = self.fn(*self.args, **self.kwargs)
             ^^^^^^^^^^^^^^^^^^^^^^^^^^^^^^^^^^
  File "/home/sahal.mullappilly/mohammad/MedAgentSim/MedPromptSimulate/src/promptbase/mmlu/experiment.py", line 484, in solve
    prompt = options["prompt"].render(
             ~~~~~~~^^^^^^^^^^
KeyError: 'prompt'
2025-06-27 22:37:44,153 [MainThread  ] [ERROR]  Error occurred during run_batch_jobs.
Traceback (most recent call last):
  File "/home/sahal.mullappilly/mohammad/MedAgentSim/MedPromptSimulate/src/promptbase/mmlu/utils.py", line 93, in run_batch_jobs
    result = future.result()
             ^^^^^^^^^^^^^^^
  File "/l/users/sahal.mullappilly/miniconda3/envs/omnigen/lib/python3.11/concurrent/futures/_base.py", line 449, in result
    return self.__get_result()
           ^^^^^^^^^^^^^^^^^^^
  File "/l/users/sahal.mullappilly/miniconda3/envs/omnigen/lib/python3.11/concurrent/futures/_base.py", line 401, in __get_result
    raise self._exception
  File "/l/users/sahal.mullappilly/miniconda3/envs/omnigen/lib/python3.11/concurrent/futures/thread.py", line 58, in run
    result = self.fn(*self.args, **self.kwargs)
             ^^^^^^^^^^^^^^^^^^^^^^^^^^^^^^^^^^
  File "/home/sahal.mullappilly/mohammad/MedAgentSim/MedPromptSimulate/src/promptbase/mmlu/experiment.py", line 484, in solve
    prompt = options["prompt"].render(
             ~~~~~~~^^^^^^^^^^
KeyError: 'prompt'
2025-06-27 22:37:44,155 [MainThread  ] [ERROR]  Error occurred during run_batch_jobs.
Traceback (most recent call last):
  File "/home/sahal.mullappilly/mohammad/MedAgentSim/MedPromptSimulate/src/promptbase/mmlu/utils.py", line 93, in run_batch_jobs
    result = future.result()
             ^^^^^^^^^^^^^^^
  File "/l/users/sahal.mullappilly/miniconda3/envs/omnigen/lib/python3.11/concurrent/futures/_base.py", line 449, in result
    return self.__get_result()
           ^^^^^^^^^^^^^^^^^^^
  File "/l/users/sahal.mullappilly/miniconda3/envs/omnigen/lib/python3.11/concurrent/futures/_base.py", line 401, in __get_result
    raise self._exception
  File "/l/users/sahal.mullappilly/miniconda3/envs/omnigen/lib/python3.11/concurrent/futures/thread.py", line 58, in run
    result = self.fn(*self.args, **self.kwargs)
             ^^^^^^^^^^^^^^^^^^^^^^^^^^^^^^^^^^
  File "/home/sahal.mullappilly/mohammad/MedAgentSim/MedPromptSimulate/src/promptbase/mmlu/experiment.py", line 484, in solve
    prompt = options["prompt"].render(
             ~~~~~~~^^^^^^^^^^
KeyError: 'prompt'
2025-06-27 22:37:44,155 [MainThread  ] [ERROR]  Error occurred during run_batch_jobs.
Traceback (most recent call last):
  File "/home/sahal.mullappilly/mohammad/MedAgentSim/MedPromptSimulate/src/promptbase/mmlu/utils.py", line 93, in run_batch_jobs
    result = future.result()
             ^^^^^^^^^^^^^^^
  File "/l/users/sahal.mullappilly/miniconda3/envs/omnigen/lib/python3.11/concurrent/futures/_base.py", line 449, in result
    return self.__get_result()
           ^^^^^^^^^^^^^^^^^^^
  File "/l/users/sahal.mullappilly/miniconda3/envs/omnigen/lib/python3.11/concurrent/futures/_base.py", line 401, in __get_result
    raise self._exception
  File "/l/users/sahal.mullappilly/miniconda3/envs/omnigen/lib/python3.11/concurrent/futures/thread.py", line 58, in run
    result = self.fn(*self.args, **self.kwargs)
             ^^^^^^^^^^^^^^^^^^^^^^^^^^^^^^^^^^
  File "/home/sahal.mullappilly/mohammad/MedAgentSim/MedPromptSimulate/src/promptbase/mmlu/experiment.py", line 484, in solve
    prompt = options["prompt"].render(
             ~~~~~~~^^^^^^^^^^
KeyError: 'prompt'
2025-06-27 22:37:44,157 [MainThread  ] [ERROR]  Error occurred during run_batch_jobs.
Traceback (most recent call last):
  File "/home/sahal.mullappilly/mohammad/MedAgentSim/MedPromptSimulate/src/promptbase/mmlu/utils.py", line 93, in run_batch_jobs
    result = future.result()
             ^^^^^^^^^^^^^^^
  File "/l/users/sahal.mullappilly/miniconda3/envs/omnigen/lib/python3.11/concurrent/futures/_base.py", line 449, in result
    return self.__get_result()
           ^^^^^^^^^^^^^^^^^^^
  File "/l/users/sahal.mullappilly/miniconda3/envs/omnigen/lib/python3.11/concurrent/futures/_base.py", line 401, in __get_result
    raise self._exception
  File "/l/users/sahal.mullappilly/miniconda3/envs/omnigen/lib/python3.11/concurrent/futures/thread.py", line 58, in run
    result = self.fn(*self.args, **self.kwargs)
             ^^^^^^^^^^^^^^^^^^^^^^^^^^^^^^^^^^
  File "/home/sahal.mullappilly/mohammad/MedAgentSim/MedPromptSimulate/src/promptbase/mmlu/experiment.py", line 484, in solve
    prompt = options["prompt"].render(
             ~~~~~~~^^^^^^^^^^
KeyError: 'prompt'
2025-06-27 22:37:44,158 [MainThread  ] [ERROR]  Error occurred during run_batch_jobs.
Traceback (most recent call last):
  File "/home/sahal.mullappilly/mohammad/MedAgentSim/MedPromptSimulate/src/promptbase/mmlu/utils.py", line 93, in run_batch_jobs
    result = future.result()
             ^^^^^^^^^^^^^^^
  File "/l/users/sahal.mullappilly/miniconda3/envs/omnigen/lib/python3.11/concurrent/futures/_base.py", line 449, in result
    return self.__get_result()
           ^^^^^^^^^^^^^^^^^^^
  File "/l/users/sahal.mullappilly/miniconda3/envs/omnigen/lib/python3.11/concurrent/futures/_base.py", line 401, in __get_result
    raise self._exception
  File "/l/users/sahal.mullappilly/miniconda3/envs/omnigen/lib/python3.11/concurrent/futures/thread.py", line 58, in run
    result = self.fn(*self.args, **self.kwargs)
             ^^^^^^^^^^^^^^^^^^^^^^^^^^^^^^^^^^
  File "/home/sahal.mullappilly/mohammad/MedAgentSim/MedPromptSimulate/src/promptbase/mmlu/experiment.py", line 484, in solve
    prompt = options["prompt"].render(
             ~~~~~~~^^^^^^^^^^
KeyError: 'prompt'
2025-06-27 22:37:44,159 [MainThread  ] [ERROR]  Error occurred during run_batch_jobs.
Traceback (most recent call last):
  File "/home/sahal.mullappilly/mohammad/MedAgentSim/MedPromptSimulate/src/promptbase/mmlu/utils.py", line 93, in run_batch_jobs
    result = future.result()
             ^^^^^^^^^^^^^^^
  File "/l/users/sahal.mullappilly/miniconda3/envs/omnigen/lib/python3.11/concurrent/futures/_base.py", line 449, in result
    return self.__get_result()
           ^^^^^^^^^^^^^^^^^^^
  File "/l/users/sahal.mullappilly/miniconda3/envs/omnigen/lib/python3.11/concurrent/futures/_base.py", line 401, in __get_result
    raise self._exception
  File "/l/users/sahal.mullappilly/miniconda3/envs/omnigen/lib/python3.11/concurrent/futures/thread.py", line 58, in run
    result = self.fn(*self.args, **self.kwargs)
             ^^^^^^^^^^^^^^^^^^^^^^^^^^^^^^^^^^
  File "/home/sahal.mullappilly/mohammad/MedAgentSim/MedPromptSimulate/src/promptbase/mmlu/experiment.py", line 484, in solve
    prompt = options["prompt"].render(
             ~~~~~~~^^^^^^^^^^
KeyError: 'prompt'
2025-06-27 22:37:44,160 [MainThread  ] [ERROR]  Error occurred during run_batch_jobs.
Traceback (most recent call last):
  File "/home/sahal.mullappilly/mohammad/MedAgentSim/MedPromptSimulate/src/promptbase/mmlu/utils.py", line 93, in run_batch_jobs
    result = future.result()
             ^^^^^^^^^^^^^^^
  File "/l/users/sahal.mullappilly/miniconda3/envs/omnigen/lib/python3.11/concurrent/futures/_base.py", line 449, in result
    return self.__get_result()
           ^^^^^^^^^^^^^^^^^^^
  File "/l/users/sahal.mullappilly/miniconda3/envs/omnigen/lib/python3.11/concurrent/futures/_base.py", line 401, in __get_result
    raise self._exception
  File "/l/users/sahal.mullappilly/miniconda3/envs/omnigen/lib/python3.11/concurrent/futures/thread.py", line 58, in run
    result = self.fn(*self.args, **self.kwargs)
             ^^^^^^^^^^^^^^^^^^^^^^^^^^^^^^^^^^
  File "/home/sahal.mullappilly/mohammad/MedAgentSim/MedPromptSimulate/src/promptbase/mmlu/experiment.py", line 484, in solve
    prompt = options["prompt"].render(
             ~~~~~~~^^^^^^^^^^
KeyError: 'prompt'
2025-06-27 22:37:44,161 [MainThread  ] [ERROR]  Error occurred during run_batch_jobs.
Traceback (most recent call last):
  File "/home/sahal.mullappilly/mohammad/MedAgentSim/MedPromptSimulate/src/promptbase/mmlu/utils.py", line 93, in run_batch_jobs
    result = future.result()
             ^^^^^^^^^^^^^^^
  File "/l/users/sahal.mullappilly/miniconda3/envs/omnigen/lib/python3.11/concurrent/futures/_base.py", line 449, in result
    return self.__get_result()
           ^^^^^^^^^^^^^^^^^^^
  File "/l/users/sahal.mullappilly/miniconda3/envs/omnigen/lib/python3.11/concurrent/futures/_base.py", line 401, in __get_result
    raise self._exception
  File "/l/users/sahal.mullappilly/miniconda3/envs/omnigen/lib/python3.11/concurrent/futures/thread.py", line 58, in run
    result = self.fn(*self.args, **self.kwargs)
             ^^^^^^^^^^^^^^^^^^^^^^^^^^^^^^^^^^
  File "/home/sahal.mullappilly/mohammad/MedAgentSim/MedPromptSimulate/src/promptbase/mmlu/experiment.py", line 484, in solve
    prompt = options["prompt"].render(
             ~~~~~~~^^^^^^^^^^
KeyError: 'prompt'
2025-06-27 22:37:44,161 [MainThread  ] [ERROR]  An error occurred during the simulation.
Traceback (most recent call last):
  File "/home/sahal.mullappilly/mohammad/MedAgentSim/medsim/run.py", line 217, in prep
    is_correct = run_simulation_idx(
                 ^^^^^^^^^^^^^^^^^^^
  File "/home/sahal.mullappilly/mohammad/MedAgentSim/medsim/run.py", line 424, in run_simulation_idx
    is_correct = run_interaction_loop(
                 ^^^^^^^^^^^^^^^^^^^^^
  File "/home/sahal.mullappilly/mohammad/MedAgentSim/medsim/run.py", line 494, in run_interaction_loop
    doctor_dialogue = doctor_agent.inference_doctor(
                      ^^^^^^^^^^^^^^^^^^^^^^^^^^^^^^
  File "/l/users/sahal.mullappilly/miniconda3/envs/omnigen/lib/python3.11/site-packages/medsim/agents.py", line 352, in inference_doctor
    return self.internal_discussion(patient_response, image_requested, scenario_id)
           ^^^^^^^^^^^^^^^^^^^^^^^^^^^^^^^^^^^^^^^^^^^^^^^^^^^^^^^^^^^^^^^^^^^^^^^^
  File "/l/users/sahal.mullappilly/miniconda3/envs/omnigen/lib/python3.11/site-packages/medsim/agents.py", line 409, in internal_discussion
    diagnosis_pred = get_diagnosis(self.backend, scenario_id)
                     ^^^^^^^^^^^^^^^^^^^^^^^^^^^^^^^^^^^^^^^^
  File "/home/sahal.mullappilly/mohammad/MedAgentSim/medsim/query_model.py", line 498, in get_diagnosis
    result_json = get_result_json()
                  ^^^^^^^^^^^^^^^^^
  File "/home/sahal.mullappilly/mohammad/MedAgentSim/medsim/query_model.py", line 486, in get_result_json
    raise FileNotFoundError(f"File not found: {json_gz_path}")
FileNotFoundError: File not found: /home/sahal.mullappilly/mohammad/MedAgentSim/MedPromptSimulate/src/promptbase/generations/expt/train/cot/result.json.gz
2025-06-27 23:08:49,389 [MainThread  ] [ERROR]  Error occurred during run_batch_jobs.
Traceback (most recent call last):
  File "/home/sahal.mullappilly/mohammad/MedAgentSim/MedPromptSimulate/src/promptbase/mmlu/utils.py", line 93, in run_batch_jobs
    result = future.result()
             ^^^^^^^^^^^^^^^
  File "/l/users/sahal.mullappilly/miniconda3/envs/omnigen/lib/python3.11/concurrent/futures/_base.py", line 449, in result
    return self.__get_result()
           ^^^^^^^^^^^^^^^^^^^
  File "/l/users/sahal.mullappilly/miniconda3/envs/omnigen/lib/python3.11/concurrent/futures/_base.py", line 401, in __get_result
    raise self._exception
  File "/l/users/sahal.mullappilly/miniconda3/envs/omnigen/lib/python3.11/concurrent/futures/thread.py", line 58, in run
    result = self.fn(*self.args, **self.kwargs)
             ^^^^^^^^^^^^^^^^^^^^^^^^^^^^^^^^^^
  File "/home/sahal.mullappilly/mohammad/MedAgentSim/MedPromptSimulate/src/promptbase/mmlu/experiment.py", line 484, in solve
    prompt = options["prompt"].render(
             ~~~~~~~^^^^^^^^^^
KeyError: 'prompt'
2025-06-27 23:08:49,391 [MainThread  ] [ERROR]  Error occurred during run_batch_jobs.
Traceback (most recent call last):
  File "/home/sahal.mullappilly/mohammad/MedAgentSim/MedPromptSimulate/src/promptbase/mmlu/utils.py", line 93, in run_batch_jobs
    result = future.result()
             ^^^^^^^^^^^^^^^
  File "/l/users/sahal.mullappilly/miniconda3/envs/omnigen/lib/python3.11/concurrent/futures/_base.py", line 449, in result
    return self.__get_result()
           ^^^^^^^^^^^^^^^^^^^
  File "/l/users/sahal.mullappilly/miniconda3/envs/omnigen/lib/python3.11/concurrent/futures/_base.py", line 401, in __get_result
    raise self._exception
  File "/l/users/sahal.mullappilly/miniconda3/envs/omnigen/lib/python3.11/concurrent/futures/thread.py", line 58, in run
    result = self.fn(*self.args, **self.kwargs)
             ^^^^^^^^^^^^^^^^^^^^^^^^^^^^^^^^^^
  File "/home/sahal.mullappilly/mohammad/MedAgentSim/MedPromptSimulate/src/promptbase/mmlu/experiment.py", line 484, in solve
    prompt = options["prompt"].render(
             ~~~~~~~^^^^^^^^^^
KeyError: 'prompt'
2025-06-27 23:08:49,392 [MainThread  ] [ERROR]  Error occurred during run_batch_jobs.
Traceback (most recent call last):
  File "/home/sahal.mullappilly/mohammad/MedAgentSim/MedPromptSimulate/src/promptbase/mmlu/utils.py", line 93, in run_batch_jobs
    result = future.result()
             ^^^^^^^^^^^^^^^
  File "/l/users/sahal.mullappilly/miniconda3/envs/omnigen/lib/python3.11/concurrent/futures/_base.py", line 449, in result
    return self.__get_result()
           ^^^^^^^^^^^^^^^^^^^
  File "/l/users/sahal.mullappilly/miniconda3/envs/omnigen/lib/python3.11/concurrent/futures/_base.py", line 401, in __get_result
    raise self._exception
  File "/l/users/sahal.mullappilly/miniconda3/envs/omnigen/lib/python3.11/concurrent/futures/thread.py", line 58, in run
    result = self.fn(*self.args, **self.kwargs)
             ^^^^^^^^^^^^^^^^^^^^^^^^^^^^^^^^^^
  File "/home/sahal.mullappilly/mohammad/MedAgentSim/MedPromptSimulate/src/promptbase/mmlu/experiment.py", line 484, in solve
    prompt = options["prompt"].render(
             ~~~~~~~^^^^^^^^^^
KeyError: 'prompt'
2025-06-27 23:08:49,393 [MainThread  ] [ERROR]  Error occurred during run_batch_jobs.
Traceback (most recent call last):
  File "/home/sahal.mullappilly/mohammad/MedAgentSim/MedPromptSimulate/src/promptbase/mmlu/utils.py", line 93, in run_batch_jobs
    result = future.result()
             ^^^^^^^^^^^^^^^
  File "/l/users/sahal.mullappilly/miniconda3/envs/omnigen/lib/python3.11/concurrent/futures/_base.py", line 449, in result
    return self.__get_result()
           ^^^^^^^^^^^^^^^^^^^
  File "/l/users/sahal.mullappilly/miniconda3/envs/omnigen/lib/python3.11/concurrent/futures/_base.py", line 401, in __get_result
    raise self._exception
  File "/l/users/sahal.mullappilly/miniconda3/envs/omnigen/lib/python3.11/concurrent/futures/thread.py", line 58, in run
    result = self.fn(*self.args, **self.kwargs)
             ^^^^^^^^^^^^^^^^^^^^^^^^^^^^^^^^^^
  File "/home/sahal.mullappilly/mohammad/MedAgentSim/MedPromptSimulate/src/promptbase/mmlu/experiment.py", line 484, in solve
    prompt = options["prompt"].render(
             ~~~~~~~^^^^^^^^^^
KeyError: 'prompt'
2025-06-27 23:08:49,394 [MainThread  ] [ERROR]  Error occurred during run_batch_jobs.
Traceback (most recent call last):
  File "/home/sahal.mullappilly/mohammad/MedAgentSim/MedPromptSimulate/src/promptbase/mmlu/utils.py", line 93, in run_batch_jobs
    result = future.result()
             ^^^^^^^^^^^^^^^
  File "/l/users/sahal.mullappilly/miniconda3/envs/omnigen/lib/python3.11/concurrent/futures/_base.py", line 449, in result
    return self.__get_result()
           ^^^^^^^^^^^^^^^^^^^
  File "/l/users/sahal.mullappilly/miniconda3/envs/omnigen/lib/python3.11/concurrent/futures/_base.py", line 401, in __get_result
    raise self._exception
  File "/l/users/sahal.mullappilly/miniconda3/envs/omnigen/lib/python3.11/concurrent/futures/thread.py", line 58, in run
    result = self.fn(*self.args, **self.kwargs)
             ^^^^^^^^^^^^^^^^^^^^^^^^^^^^^^^^^^
  File "/home/sahal.mullappilly/mohammad/MedAgentSim/MedPromptSimulate/src/promptbase/mmlu/experiment.py", line 484, in solve
    prompt = options["prompt"].render(
             ~~~~~~~^^^^^^^^^^
KeyError: 'prompt'
2025-06-27 23:08:49,396 [MainThread  ] [ERROR]  Error occurred during run_batch_jobs.
Traceback (most recent call last):
  File "/home/sahal.mullappilly/mohammad/MedAgentSim/MedPromptSimulate/src/promptbase/mmlu/utils.py", line 93, in run_batch_jobs
    result = future.result()
             ^^^^^^^^^^^^^^^
  File "/l/users/sahal.mullappilly/miniconda3/envs/omnigen/lib/python3.11/concurrent/futures/_base.py", line 449, in result
    return self.__get_result()
           ^^^^^^^^^^^^^^^^^^^
  File "/l/users/sahal.mullappilly/miniconda3/envs/omnigen/lib/python3.11/concurrent/futures/_base.py", line 401, in __get_result
    raise self._exception
  File "/l/users/sahal.mullappilly/miniconda3/envs/omnigen/lib/python3.11/concurrent/futures/thread.py", line 58, in run
    result = self.fn(*self.args, **self.kwargs)
             ^^^^^^^^^^^^^^^^^^^^^^^^^^^^^^^^^^
  File "/home/sahal.mullappilly/mohammad/MedAgentSim/MedPromptSimulate/src/promptbase/mmlu/experiment.py", line 484, in solve
    prompt = options["prompt"].render(
             ~~~~~~~^^^^^^^^^^
KeyError: 'prompt'
2025-06-27 23:08:49,397 [MainThread  ] [ERROR]  Error occurred during run_batch_jobs.
Traceback (most recent call last):
  File "/home/sahal.mullappilly/mohammad/MedAgentSim/MedPromptSimulate/src/promptbase/mmlu/utils.py", line 93, in run_batch_jobs
    result = future.result()
             ^^^^^^^^^^^^^^^
  File "/l/users/sahal.mullappilly/miniconda3/envs/omnigen/lib/python3.11/concurrent/futures/_base.py", line 449, in result
    return self.__get_result()
           ^^^^^^^^^^^^^^^^^^^
  File "/l/users/sahal.mullappilly/miniconda3/envs/omnigen/lib/python3.11/concurrent/futures/_base.py", line 401, in __get_result
    raise self._exception
  File "/l/users/sahal.mullappilly/miniconda3/envs/omnigen/lib/python3.11/concurrent/futures/thread.py", line 58, in run
    result = self.fn(*self.args, **self.kwargs)
             ^^^^^^^^^^^^^^^^^^^^^^^^^^^^^^^^^^
  File "/home/sahal.mullappilly/mohammad/MedAgentSim/MedPromptSimulate/src/promptbase/mmlu/experiment.py", line 484, in solve
    prompt = options["prompt"].render(
             ~~~~~~~^^^^^^^^^^
KeyError: 'prompt'
2025-06-27 23:08:49,398 [MainThread  ] [ERROR]  Error occurred during run_batch_jobs.
Traceback (most recent call last):
  File "/home/sahal.mullappilly/mohammad/MedAgentSim/MedPromptSimulate/src/promptbase/mmlu/utils.py", line 93, in run_batch_jobs
    result = future.result()
             ^^^^^^^^^^^^^^^
  File "/l/users/sahal.mullappilly/miniconda3/envs/omnigen/lib/python3.11/concurrent/futures/_base.py", line 449, in result
    return self.__get_result()
           ^^^^^^^^^^^^^^^^^^^
  File "/l/users/sahal.mullappilly/miniconda3/envs/omnigen/lib/python3.11/concurrent/futures/_base.py", line 401, in __get_result
    raise self._exception
  File "/l/users/sahal.mullappilly/miniconda3/envs/omnigen/lib/python3.11/concurrent/futures/thread.py", line 58, in run
    result = self.fn(*self.args, **self.kwargs)
             ^^^^^^^^^^^^^^^^^^^^^^^^^^^^^^^^^^
  File "/home/sahal.mullappilly/mohammad/MedAgentSim/MedPromptSimulate/src/promptbase/mmlu/experiment.py", line 484, in solve
    prompt = options["prompt"].render(
             ~~~~~~~^^^^^^^^^^
KeyError: 'prompt'
2025-06-27 23:08:49,399 [MainThread  ] [ERROR]  Error occurred during run_batch_jobs.
Traceback (most recent call last):
  File "/home/sahal.mullappilly/mohammad/MedAgentSim/MedPromptSimulate/src/promptbase/mmlu/utils.py", line 93, in run_batch_jobs
    result = future.result()
             ^^^^^^^^^^^^^^^
  File "/l/users/sahal.mullappilly/miniconda3/envs/omnigen/lib/python3.11/concurrent/futures/_base.py", line 449, in result
    return self.__get_result()
           ^^^^^^^^^^^^^^^^^^^
  File "/l/users/sahal.mullappilly/miniconda3/envs/omnigen/lib/python3.11/concurrent/futures/_base.py", line 401, in __get_result
    raise self._exception
  File "/l/users/sahal.mullappilly/miniconda3/envs/omnigen/lib/python3.11/concurrent/futures/thread.py", line 58, in run
    result = self.fn(*self.args, **self.kwargs)
             ^^^^^^^^^^^^^^^^^^^^^^^^^^^^^^^^^^
  File "/home/sahal.mullappilly/mohammad/MedAgentSim/MedPromptSimulate/src/promptbase/mmlu/experiment.py", line 484, in solve
    prompt = options["prompt"].render(
             ~~~~~~~^^^^^^^^^^
KeyError: 'prompt'
2025-06-27 23:08:49,400 [MainThread  ] [ERROR]  Error occurred during run_batch_jobs.
Traceback (most recent call last):
  File "/home/sahal.mullappilly/mohammad/MedAgentSim/MedPromptSimulate/src/promptbase/mmlu/utils.py", line 93, in run_batch_jobs
    result = future.result()
             ^^^^^^^^^^^^^^^
  File "/l/users/sahal.mullappilly/miniconda3/envs/omnigen/lib/python3.11/concurrent/futures/_base.py", line 449, in result
    return self.__get_result()
           ^^^^^^^^^^^^^^^^^^^
  File "/l/users/sahal.mullappilly/miniconda3/envs/omnigen/lib/python3.11/concurrent/futures/_base.py", line 401, in __get_result
    raise self._exception
  File "/l/users/sahal.mullappilly/miniconda3/envs/omnigen/lib/python3.11/concurrent/futures/thread.py", line 58, in run
    result = self.fn(*self.args, **self.kwargs)
             ^^^^^^^^^^^^^^^^^^^^^^^^^^^^^^^^^^
  File "/home/sahal.mullappilly/mohammad/MedAgentSim/MedPromptSimulate/src/promptbase/mmlu/experiment.py", line 484, in solve
    prompt = options["prompt"].render(
             ~~~~~~~^^^^^^^^^^
KeyError: 'prompt'
2025-06-28 00:21:53,722 [MainThread  ] [ERROR]  Error occurred during run_batch_jobs.
Traceback (most recent call last):
  File "/home/sahal.mullappilly/mohammad/MedAgentSim/MedPromptSimulate/src/promptbase/mmlu/utils.py", line 93, in run_batch_jobs
    result = future.result()
             ^^^^^^^^^^^^^^^
  File "/l/users/sahal.mullappilly/miniconda3/envs/omnigen/lib/python3.11/concurrent/futures/_base.py", line 449, in result
    return self.__get_result()
           ^^^^^^^^^^^^^^^^^^^
  File "/l/users/sahal.mullappilly/miniconda3/envs/omnigen/lib/python3.11/concurrent/futures/_base.py", line 401, in __get_result
    raise self._exception
  File "/l/users/sahal.mullappilly/miniconda3/envs/omnigen/lib/python3.11/concurrent/futures/thread.py", line 58, in run
    result = self.fn(*self.args, **self.kwargs)
             ^^^^^^^^^^^^^^^^^^^^^^^^^^^^^^^^^^
  File "/home/sahal.mullappilly/mohammad/MedAgentSim/MedPromptSimulate/src/promptbase/mmlu/experiment.py", line 503, in solve
    response = {"response": None, "text": backend.query_model(prompt, sys_prompt), "success": True}
                                          ^^^^^^^^^^^^^^^^^^^
AttributeError: 'str' object has no attribute 'query_model'
2025-06-28 00:21:53,725 [MainThread  ] [ERROR]  Error occurred during run_batch_jobs.
Traceback (most recent call last):
  File "/home/sahal.mullappilly/mohammad/MedAgentSim/MedPromptSimulate/src/promptbase/mmlu/utils.py", line 93, in run_batch_jobs
    result = future.result()
             ^^^^^^^^^^^^^^^
  File "/l/users/sahal.mullappilly/miniconda3/envs/omnigen/lib/python3.11/concurrent/futures/_base.py", line 449, in result
    return self.__get_result()
           ^^^^^^^^^^^^^^^^^^^
  File "/l/users/sahal.mullappilly/miniconda3/envs/omnigen/lib/python3.11/concurrent/futures/_base.py", line 401, in __get_result
    raise self._exception
  File "/l/users/sahal.mullappilly/miniconda3/envs/omnigen/lib/python3.11/concurrent/futures/thread.py", line 58, in run
    result = self.fn(*self.args, **self.kwargs)
             ^^^^^^^^^^^^^^^^^^^^^^^^^^^^^^^^^^
  File "/home/sahal.mullappilly/mohammad/MedAgentSim/MedPromptSimulate/src/promptbase/mmlu/experiment.py", line 503, in solve
    response = {"response": None, "text": backend.query_model(prompt, sys_prompt), "success": True}
                                          ^^^^^^^^^^^^^^^^^^^
AttributeError: 'str' object has no attribute 'query_model'
2025-06-28 00:21:53,726 [MainThread  ] [ERROR]  Error occurred during run_batch_jobs.
Traceback (most recent call last):
  File "/home/sahal.mullappilly/mohammad/MedAgentSim/MedPromptSimulate/src/promptbase/mmlu/utils.py", line 93, in run_batch_jobs
    result = future.result()
             ^^^^^^^^^^^^^^^
  File "/l/users/sahal.mullappilly/miniconda3/envs/omnigen/lib/python3.11/concurrent/futures/_base.py", line 449, in result
    return self.__get_result()
           ^^^^^^^^^^^^^^^^^^^
  File "/l/users/sahal.mullappilly/miniconda3/envs/omnigen/lib/python3.11/concurrent/futures/_base.py", line 401, in __get_result
    raise self._exception
  File "/l/users/sahal.mullappilly/miniconda3/envs/omnigen/lib/python3.11/concurrent/futures/thread.py", line 58, in run
    result = self.fn(*self.args, **self.kwargs)
             ^^^^^^^^^^^^^^^^^^^^^^^^^^^^^^^^^^
  File "/home/sahal.mullappilly/mohammad/MedAgentSim/MedPromptSimulate/src/promptbase/mmlu/experiment.py", line 503, in solve
    response = {"response": None, "text": backend.query_model(prompt, sys_prompt), "success": True}
                                          ^^^^^^^^^^^^^^^^^^^
AttributeError: 'str' object has no attribute 'query_model'
2025-06-28 00:21:53,728 [MainThread  ] [ERROR]  Error occurred during run_batch_jobs.
Traceback (most recent call last):
  File "/home/sahal.mullappilly/mohammad/MedAgentSim/MedPromptSimulate/src/promptbase/mmlu/utils.py", line 93, in run_batch_jobs
    result = future.result()
             ^^^^^^^^^^^^^^^
  File "/l/users/sahal.mullappilly/miniconda3/envs/omnigen/lib/python3.11/concurrent/futures/_base.py", line 449, in result
    return self.__get_result()
           ^^^^^^^^^^^^^^^^^^^
  File "/l/users/sahal.mullappilly/miniconda3/envs/omnigen/lib/python3.11/concurrent/futures/_base.py", line 401, in __get_result
    raise self._exception
  File "/l/users/sahal.mullappilly/miniconda3/envs/omnigen/lib/python3.11/concurrent/futures/thread.py", line 58, in run
    result = self.fn(*self.args, **self.kwargs)
             ^^^^^^^^^^^^^^^^^^^^^^^^^^^^^^^^^^
  File "/home/sahal.mullappilly/mohammad/MedAgentSim/MedPromptSimulate/src/promptbase/mmlu/experiment.py", line 503, in solve
    response = {"response": None, "text": backend.query_model(prompt, sys_prompt), "success": True}
                                          ^^^^^^^^^^^^^^^^^^^
AttributeError: 'str' object has no attribute 'query_model'
2025-06-28 00:21:53,729 [MainThread  ] [ERROR]  Error occurred during run_batch_jobs.
Traceback (most recent call last):
  File "/home/sahal.mullappilly/mohammad/MedAgentSim/MedPromptSimulate/src/promptbase/mmlu/utils.py", line 93, in run_batch_jobs
    result = future.result()
             ^^^^^^^^^^^^^^^
  File "/l/users/sahal.mullappilly/miniconda3/envs/omnigen/lib/python3.11/concurrent/futures/_base.py", line 449, in result
    return self.__get_result()
           ^^^^^^^^^^^^^^^^^^^
  File "/l/users/sahal.mullappilly/miniconda3/envs/omnigen/lib/python3.11/concurrent/futures/_base.py", line 401, in __get_result
    raise self._exception
  File "/l/users/sahal.mullappilly/miniconda3/envs/omnigen/lib/python3.11/concurrent/futures/thread.py", line 58, in run
    result = self.fn(*self.args, **self.kwargs)
             ^^^^^^^^^^^^^^^^^^^^^^^^^^^^^^^^^^
  File "/home/sahal.mullappilly/mohammad/MedAgentSim/MedPromptSimulate/src/promptbase/mmlu/experiment.py", line 503, in solve
    response = {"response": None, "text": backend.query_model(prompt, sys_prompt), "success": True}
                                          ^^^^^^^^^^^^^^^^^^^
AttributeError: 'str' object has no attribute 'query_model'
2025-06-28 00:21:53,730 [MainThread  ] [ERROR]  Error occurred during run_batch_jobs.
Traceback (most recent call last):
  File "/home/sahal.mullappilly/mohammad/MedAgentSim/MedPromptSimulate/src/promptbase/mmlu/utils.py", line 93, in run_batch_jobs
    result = future.result()
             ^^^^^^^^^^^^^^^
  File "/l/users/sahal.mullappilly/miniconda3/envs/omnigen/lib/python3.11/concurrent/futures/_base.py", line 449, in result
    return self.__get_result()
           ^^^^^^^^^^^^^^^^^^^
  File "/l/users/sahal.mullappilly/miniconda3/envs/omnigen/lib/python3.11/concurrent/futures/_base.py", line 401, in __get_result
    raise self._exception
  File "/l/users/sahal.mullappilly/miniconda3/envs/omnigen/lib/python3.11/concurrent/futures/thread.py", line 58, in run
    result = self.fn(*self.args, **self.kwargs)
             ^^^^^^^^^^^^^^^^^^^^^^^^^^^^^^^^^^
  File "/home/sahal.mullappilly/mohammad/MedAgentSim/MedPromptSimulate/src/promptbase/mmlu/experiment.py", line 503, in solve
    response = {"response": None, "text": backend.query_model(prompt, sys_prompt), "success": True}
                                          ^^^^^^^^^^^^^^^^^^^
AttributeError: 'str' object has no attribute 'query_model'
2025-06-28 00:21:53,732 [MainThread  ] [ERROR]  Error occurred during run_batch_jobs.
Traceback (most recent call last):
  File "/home/sahal.mullappilly/mohammad/MedAgentSim/MedPromptSimulate/src/promptbase/mmlu/utils.py", line 93, in run_batch_jobs
    result = future.result()
             ^^^^^^^^^^^^^^^
  File "/l/users/sahal.mullappilly/miniconda3/envs/omnigen/lib/python3.11/concurrent/futures/_base.py", line 449, in result
    return self.__get_result()
           ^^^^^^^^^^^^^^^^^^^
  File "/l/users/sahal.mullappilly/miniconda3/envs/omnigen/lib/python3.11/concurrent/futures/_base.py", line 401, in __get_result
    raise self._exception
  File "/l/users/sahal.mullappilly/miniconda3/envs/omnigen/lib/python3.11/concurrent/futures/thread.py", line 58, in run
    result = self.fn(*self.args, **self.kwargs)
             ^^^^^^^^^^^^^^^^^^^^^^^^^^^^^^^^^^
  File "/home/sahal.mullappilly/mohammad/MedAgentSim/MedPromptSimulate/src/promptbase/mmlu/experiment.py", line 503, in solve
    response = {"response": None, "text": backend.query_model(prompt, sys_prompt), "success": True}
                                          ^^^^^^^^^^^^^^^^^^^
AttributeError: 'str' object has no attribute 'query_model'
2025-06-28 00:21:53,733 [MainThread  ] [ERROR]  Error occurred during run_batch_jobs.
Traceback (most recent call last):
  File "/home/sahal.mullappilly/mohammad/MedAgentSim/MedPromptSimulate/src/promptbase/mmlu/utils.py", line 93, in run_batch_jobs
    result = future.result()
             ^^^^^^^^^^^^^^^
  File "/l/users/sahal.mullappilly/miniconda3/envs/omnigen/lib/python3.11/concurrent/futures/_base.py", line 449, in result
    return self.__get_result()
           ^^^^^^^^^^^^^^^^^^^
  File "/l/users/sahal.mullappilly/miniconda3/envs/omnigen/lib/python3.11/concurrent/futures/_base.py", line 401, in __get_result
    raise self._exception
  File "/l/users/sahal.mullappilly/miniconda3/envs/omnigen/lib/python3.11/concurrent/futures/thread.py", line 58, in run
    result = self.fn(*self.args, **self.kwargs)
             ^^^^^^^^^^^^^^^^^^^^^^^^^^^^^^^^^^
  File "/home/sahal.mullappilly/mohammad/MedAgentSim/MedPromptSimulate/src/promptbase/mmlu/experiment.py", line 503, in solve
    response = {"response": None, "text": backend.query_model(prompt, sys_prompt), "success": True}
                                          ^^^^^^^^^^^^^^^^^^^
AttributeError: 'str' object has no attribute 'query_model'
2025-06-28 00:21:53,735 [MainThread  ] [ERROR]  Error occurred during run_batch_jobs.
Traceback (most recent call last):
  File "/home/sahal.mullappilly/mohammad/MedAgentSim/MedPromptSimulate/src/promptbase/mmlu/utils.py", line 93, in run_batch_jobs
    result = future.result()
             ^^^^^^^^^^^^^^^
  File "/l/users/sahal.mullappilly/miniconda3/envs/omnigen/lib/python3.11/concurrent/futures/_base.py", line 449, in result
    return self.__get_result()
           ^^^^^^^^^^^^^^^^^^^
  File "/l/users/sahal.mullappilly/miniconda3/envs/omnigen/lib/python3.11/concurrent/futures/_base.py", line 401, in __get_result
    raise self._exception
  File "/l/users/sahal.mullappilly/miniconda3/envs/omnigen/lib/python3.11/concurrent/futures/thread.py", line 58, in run
    result = self.fn(*self.args, **self.kwargs)
             ^^^^^^^^^^^^^^^^^^^^^^^^^^^^^^^^^^
  File "/home/sahal.mullappilly/mohammad/MedAgentSim/MedPromptSimulate/src/promptbase/mmlu/experiment.py", line 503, in solve
    response = {"response": None, "text": backend.query_model(prompt, sys_prompt), "success": True}
                                          ^^^^^^^^^^^^^^^^^^^
AttributeError: 'str' object has no attribute 'query_model'
2025-06-28 00:21:53,736 [MainThread  ] [ERROR]  Error occurred during run_batch_jobs.
Traceback (most recent call last):
  File "/home/sahal.mullappilly/mohammad/MedAgentSim/MedPromptSimulate/src/promptbase/mmlu/utils.py", line 93, in run_batch_jobs
    result = future.result()
             ^^^^^^^^^^^^^^^
  File "/l/users/sahal.mullappilly/miniconda3/envs/omnigen/lib/python3.11/concurrent/futures/_base.py", line 449, in result
    return self.__get_result()
           ^^^^^^^^^^^^^^^^^^^
  File "/l/users/sahal.mullappilly/miniconda3/envs/omnigen/lib/python3.11/concurrent/futures/_base.py", line 401, in __get_result
    raise self._exception
  File "/l/users/sahal.mullappilly/miniconda3/envs/omnigen/lib/python3.11/concurrent/futures/thread.py", line 58, in run
    result = self.fn(*self.args, **self.kwargs)
             ^^^^^^^^^^^^^^^^^^^^^^^^^^^^^^^^^^
  File "/home/sahal.mullappilly/mohammad/MedAgentSim/MedPromptSimulate/src/promptbase/mmlu/experiment.py", line 503, in solve
    response = {"response": None, "text": backend.query_model(prompt, sys_prompt), "success": True}
                                          ^^^^^^^^^^^^^^^^^^^
AttributeError: 'str' object has no attribute 'query_model'
2025-06-28 00:22:22,005 [MainThread  ] [ERROR]  An error occurred during the simulation.
Traceback (most recent call last):
  File "/home/sahal.mullappilly/mohammad/MedAgentSim/medsim/run.py", line 217, in prep
    is_correct = run_simulation_idx(
                 ^^^^^^^^^^^^^^^^^^^
  File "/home/sahal.mullappilly/mohammad/MedAgentSim/medsim/run.py", line 424, in run_simulation_idx
    is_correct = run_interaction_loop(
                 ^^^^^^^^^^^^^^^^^^^^^
  File "/home/sahal.mullappilly/mohammad/MedAgentSim/medsim/run.py", line 508, in run_interaction_loop
    result = compare_results(
             ^^^^^^^^^^^^^^^^
  File "/l/users/sahal.mullappilly/miniconda3/envs/omnigen/lib/python3.11/site-packages/medsim/agents.py", line 600, in compare_results
    raise Exception("Failed to compare results after multiple attempts.")
Exception: Failed to compare results after multiple attempts.
2025-06-28 01:05:56,304 [MainThread  ] [ERROR]  Error occurred during run_batch_jobs.
Traceback (most recent call last):
  File "/home/sahal.mullappilly/mohammad/MedAgentSim/MedPromptSimulate/src/promptbase/mmlu/utils.py", line 93, in run_batch_jobs
    result = future.result()
             ^^^^^^^^^^^^^^^
  File "/l/users/sahal.mullappilly/miniconda3/envs/omnigen/lib/python3.11/concurrent/futures/_base.py", line 449, in result
    return self.__get_result()
           ^^^^^^^^^^^^^^^^^^^
  File "/l/users/sahal.mullappilly/miniconda3/envs/omnigen/lib/python3.11/concurrent/futures/_base.py", line 401, in __get_result
    raise self._exception
  File "/l/users/sahal.mullappilly/miniconda3/envs/omnigen/lib/python3.11/concurrent/futures/thread.py", line 58, in run
    result = self.fn(*self.args, **self.kwargs)
             ^^^^^^^^^^^^^^^^^^^^^^^^^^^^^^^^^^
  File "/home/sahal.mullappilly/mohammad/MedAgentSim/MedPromptSimulate/src/promptbase/mmlu/experiment.py", line 503, in solve
    response = {"response": None, "text": backend.query_model(prompt, sys_prompt), "success": True}
                                          ^^^^^^^^^^^^^^^^^^^
AttributeError: 'str' object has no attribute 'query_model'
2025-06-28 01:05:56,308 [MainThread  ] [ERROR]  Error occurred during run_batch_jobs.
Traceback (most recent call last):
  File "/home/sahal.mullappilly/mohammad/MedAgentSim/MedPromptSimulate/src/promptbase/mmlu/utils.py", line 93, in run_batch_jobs
    result = future.result()
             ^^^^^^^^^^^^^^^
  File "/l/users/sahal.mullappilly/miniconda3/envs/omnigen/lib/python3.11/concurrent/futures/_base.py", line 449, in result
    return self.__get_result()
           ^^^^^^^^^^^^^^^^^^^
  File "/l/users/sahal.mullappilly/miniconda3/envs/omnigen/lib/python3.11/concurrent/futures/_base.py", line 401, in __get_result
    raise self._exception
  File "/l/users/sahal.mullappilly/miniconda3/envs/omnigen/lib/python3.11/concurrent/futures/thread.py", line 58, in run
    result = self.fn(*self.args, **self.kwargs)
             ^^^^^^^^^^^^^^^^^^^^^^^^^^^^^^^^^^
  File "/home/sahal.mullappilly/mohammad/MedAgentSim/MedPromptSimulate/src/promptbase/mmlu/experiment.py", line 503, in solve
    response = {"response": None, "text": backend.query_model(prompt, sys_prompt), "success": True}
                                          ^^^^^^^^^^^^^^^^^^^
AttributeError: 'str' object has no attribute 'query_model'
2025-06-28 01:05:56,309 [MainThread  ] [ERROR]  Error occurred during run_batch_jobs.
Traceback (most recent call last):
  File "/home/sahal.mullappilly/mohammad/MedAgentSim/MedPromptSimulate/src/promptbase/mmlu/utils.py", line 93, in run_batch_jobs
    result = future.result()
             ^^^^^^^^^^^^^^^
  File "/l/users/sahal.mullappilly/miniconda3/envs/omnigen/lib/python3.11/concurrent/futures/_base.py", line 449, in result
    return self.__get_result()
           ^^^^^^^^^^^^^^^^^^^
  File "/l/users/sahal.mullappilly/miniconda3/envs/omnigen/lib/python3.11/concurrent/futures/_base.py", line 401, in __get_result
    raise self._exception
  File "/l/users/sahal.mullappilly/miniconda3/envs/omnigen/lib/python3.11/concurrent/futures/thread.py", line 58, in run
    result = self.fn(*self.args, **self.kwargs)
             ^^^^^^^^^^^^^^^^^^^^^^^^^^^^^^^^^^
  File "/home/sahal.mullappilly/mohammad/MedAgentSim/MedPromptSimulate/src/promptbase/mmlu/experiment.py", line 503, in solve
    response = {"response": None, "text": backend.query_model(prompt, sys_prompt), "success": True}
                                          ^^^^^^^^^^^^^^^^^^^
AttributeError: 'str' object has no attribute 'query_model'
2025-06-28 01:05:56,310 [MainThread  ] [ERROR]  Error occurred during run_batch_jobs.
Traceback (most recent call last):
  File "/home/sahal.mullappilly/mohammad/MedAgentSim/MedPromptSimulate/src/promptbase/mmlu/utils.py", line 93, in run_batch_jobs
    result = future.result()
             ^^^^^^^^^^^^^^^
  File "/l/users/sahal.mullappilly/miniconda3/envs/omnigen/lib/python3.11/concurrent/futures/_base.py", line 449, in result
    return self.__get_result()
           ^^^^^^^^^^^^^^^^^^^
  File "/l/users/sahal.mullappilly/miniconda3/envs/omnigen/lib/python3.11/concurrent/futures/_base.py", line 401, in __get_result
    raise self._exception
  File "/l/users/sahal.mullappilly/miniconda3/envs/omnigen/lib/python3.11/concurrent/futures/thread.py", line 58, in run
    result = self.fn(*self.args, **self.kwargs)
             ^^^^^^^^^^^^^^^^^^^^^^^^^^^^^^^^^^
  File "/home/sahal.mullappilly/mohammad/MedAgentSim/MedPromptSimulate/src/promptbase/mmlu/experiment.py", line 503, in solve
    response = {"response": None, "text": backend.query_model(prompt, sys_prompt), "success": True}
                                          ^^^^^^^^^^^^^^^^^^^
AttributeError: 'str' object has no attribute 'query_model'
2025-06-28 01:05:56,311 [MainThread  ] [ERROR]  Error occurred during run_batch_jobs.
Traceback (most recent call last):
  File "/home/sahal.mullappilly/mohammad/MedAgentSim/MedPromptSimulate/src/promptbase/mmlu/utils.py", line 93, in run_batch_jobs
    result = future.result()
             ^^^^^^^^^^^^^^^
  File "/l/users/sahal.mullappilly/miniconda3/envs/omnigen/lib/python3.11/concurrent/futures/_base.py", line 449, in result
    return self.__get_result()
           ^^^^^^^^^^^^^^^^^^^
  File "/l/users/sahal.mullappilly/miniconda3/envs/omnigen/lib/python3.11/concurrent/futures/_base.py", line 401, in __get_result
    raise self._exception
  File "/l/users/sahal.mullappilly/miniconda3/envs/omnigen/lib/python3.11/concurrent/futures/thread.py", line 58, in run
    result = self.fn(*self.args, **self.kwargs)
             ^^^^^^^^^^^^^^^^^^^^^^^^^^^^^^^^^^
  File "/home/sahal.mullappilly/mohammad/MedAgentSim/MedPromptSimulate/src/promptbase/mmlu/experiment.py", line 503, in solve
    response = {"response": None, "text": backend.query_model(prompt, sys_prompt), "success": True}
                                          ^^^^^^^^^^^^^^^^^^^
AttributeError: 'str' object has no attribute 'query_model'
2025-06-28 01:05:56,313 [MainThread  ] [ERROR]  Error occurred during run_batch_jobs.
Traceback (most recent call last):
  File "/home/sahal.mullappilly/mohammad/MedAgentSim/MedPromptSimulate/src/promptbase/mmlu/utils.py", line 93, in run_batch_jobs
    result = future.result()
             ^^^^^^^^^^^^^^^
  File "/l/users/sahal.mullappilly/miniconda3/envs/omnigen/lib/python3.11/concurrent/futures/_base.py", line 449, in result
    return self.__get_result()
           ^^^^^^^^^^^^^^^^^^^
  File "/l/users/sahal.mullappilly/miniconda3/envs/omnigen/lib/python3.11/concurrent/futures/_base.py", line 401, in __get_result
    raise self._exception
  File "/l/users/sahal.mullappilly/miniconda3/envs/omnigen/lib/python3.11/concurrent/futures/thread.py", line 58, in run
    result = self.fn(*self.args, **self.kwargs)
             ^^^^^^^^^^^^^^^^^^^^^^^^^^^^^^^^^^
  File "/home/sahal.mullappilly/mohammad/MedAgentSim/MedPromptSimulate/src/promptbase/mmlu/experiment.py", line 503, in solve
    response = {"response": None, "text": backend.query_model(prompt, sys_prompt), "success": True}
                                          ^^^^^^^^^^^^^^^^^^^
AttributeError: 'str' object has no attribute 'query_model'
2025-06-28 01:05:56,314 [MainThread  ] [ERROR]  Error occurred during run_batch_jobs.
Traceback (most recent call last):
  File "/home/sahal.mullappilly/mohammad/MedAgentSim/MedPromptSimulate/src/promptbase/mmlu/utils.py", line 93, in run_batch_jobs
    result = future.result()
             ^^^^^^^^^^^^^^^
  File "/l/users/sahal.mullappilly/miniconda3/envs/omnigen/lib/python3.11/concurrent/futures/_base.py", line 449, in result
    return self.__get_result()
           ^^^^^^^^^^^^^^^^^^^
  File "/l/users/sahal.mullappilly/miniconda3/envs/omnigen/lib/python3.11/concurrent/futures/_base.py", line 401, in __get_result
    raise self._exception
  File "/l/users/sahal.mullappilly/miniconda3/envs/omnigen/lib/python3.11/concurrent/futures/thread.py", line 58, in run
    result = self.fn(*self.args, **self.kwargs)
             ^^^^^^^^^^^^^^^^^^^^^^^^^^^^^^^^^^
  File "/home/sahal.mullappilly/mohammad/MedAgentSim/MedPromptSimulate/src/promptbase/mmlu/experiment.py", line 503, in solve
    response = {"response": None, "text": backend.query_model(prompt, sys_prompt), "success": True}
                                          ^^^^^^^^^^^^^^^^^^^
AttributeError: 'str' object has no attribute 'query_model'
2025-06-28 01:05:56,315 [MainThread  ] [ERROR]  Error occurred during run_batch_jobs.
Traceback (most recent call last):
  File "/home/sahal.mullappilly/mohammad/MedAgentSim/MedPromptSimulate/src/promptbase/mmlu/utils.py", line 93, in run_batch_jobs
    result = future.result()
             ^^^^^^^^^^^^^^^
  File "/l/users/sahal.mullappilly/miniconda3/envs/omnigen/lib/python3.11/concurrent/futures/_base.py", line 449, in result
    return self.__get_result()
           ^^^^^^^^^^^^^^^^^^^
  File "/l/users/sahal.mullappilly/miniconda3/envs/omnigen/lib/python3.11/concurrent/futures/_base.py", line 401, in __get_result
    raise self._exception
  File "/l/users/sahal.mullappilly/miniconda3/envs/omnigen/lib/python3.11/concurrent/futures/thread.py", line 58, in run
    result = self.fn(*self.args, **self.kwargs)
             ^^^^^^^^^^^^^^^^^^^^^^^^^^^^^^^^^^
  File "/home/sahal.mullappilly/mohammad/MedAgentSim/MedPromptSimulate/src/promptbase/mmlu/experiment.py", line 503, in solve
    response = {"response": None, "text": backend.query_model(prompt, sys_prompt), "success": True}
                                          ^^^^^^^^^^^^^^^^^^^
AttributeError: 'str' object has no attribute 'query_model'
2025-06-28 01:05:56,317 [MainThread  ] [ERROR]  Error occurred during run_batch_jobs.
Traceback (most recent call last):
  File "/home/sahal.mullappilly/mohammad/MedAgentSim/MedPromptSimulate/src/promptbase/mmlu/utils.py", line 93, in run_batch_jobs
    result = future.result()
             ^^^^^^^^^^^^^^^
  File "/l/users/sahal.mullappilly/miniconda3/envs/omnigen/lib/python3.11/concurrent/futures/_base.py", line 449, in result
    return self.__get_result()
           ^^^^^^^^^^^^^^^^^^^
  File "/l/users/sahal.mullappilly/miniconda3/envs/omnigen/lib/python3.11/concurrent/futures/_base.py", line 401, in __get_result
    raise self._exception
  File "/l/users/sahal.mullappilly/miniconda3/envs/omnigen/lib/python3.11/concurrent/futures/thread.py", line 58, in run
    result = self.fn(*self.args, **self.kwargs)
             ^^^^^^^^^^^^^^^^^^^^^^^^^^^^^^^^^^
  File "/home/sahal.mullappilly/mohammad/MedAgentSim/MedPromptSimulate/src/promptbase/mmlu/experiment.py", line 503, in solve
    response = {"response": None, "text": backend.query_model(prompt, sys_prompt), "success": True}
                                          ^^^^^^^^^^^^^^^^^^^
AttributeError: 'str' object has no attribute 'query_model'
2025-06-28 01:05:56,318 [MainThread  ] [ERROR]  Error occurred during run_batch_jobs.
Traceback (most recent call last):
  File "/home/sahal.mullappilly/mohammad/MedAgentSim/MedPromptSimulate/src/promptbase/mmlu/utils.py", line 93, in run_batch_jobs
    result = future.result()
             ^^^^^^^^^^^^^^^
  File "/l/users/sahal.mullappilly/miniconda3/envs/omnigen/lib/python3.11/concurrent/futures/_base.py", line 449, in result
    return self.__get_result()
           ^^^^^^^^^^^^^^^^^^^
  File "/l/users/sahal.mullappilly/miniconda3/envs/omnigen/lib/python3.11/concurrent/futures/_base.py", line 401, in __get_result
    raise self._exception
  File "/l/users/sahal.mullappilly/miniconda3/envs/omnigen/lib/python3.11/concurrent/futures/thread.py", line 58, in run
    result = self.fn(*self.args, **self.kwargs)
             ^^^^^^^^^^^^^^^^^^^^^^^^^^^^^^^^^^
  File "/home/sahal.mullappilly/mohammad/MedAgentSim/MedPromptSimulate/src/promptbase/mmlu/experiment.py", line 503, in solve
    response = {"response": None, "text": backend.query_model(prompt, sys_prompt), "success": True}
                                          ^^^^^^^^^^^^^^^^^^^
AttributeError: 'str' object has no attribute 'query_model'
2025-06-28 01:06:07,919 [MainThread  ] [ERROR]  An error occurred during the simulation.
Traceback (most recent call last):
  File "/home/sahal.mullappilly/mohammad/MedAgentSim/medsim/run.py", line 217, in prep
    is_correct = run_simulation_idx(
                 ^^^^^^^^^^^^^^^^^^^
  File "/home/sahal.mullappilly/mohammad/MedAgentSim/medsim/run.py", line 424, in run_simulation_idx
    is_correct = run_interaction_loop(
                 ^^^^^^^^^^^^^^^^^^^^^
  File "/home/sahal.mullappilly/mohammad/MedAgentSim/medsim/run.py", line 515, in run_interaction_loop
    accuracy = (total_correct + int(is_correct)) / total_scenarios * 100
               ~~~~~~~~~~~~~~~~~~~~~~~~~~~~~~~~~~^~~~~~~~~~~~~~~~~
ZeroDivisionError: division by zero
2025-06-28 01:54:59,536 [MainThread  ] [ERROR]  Error occurred during run_batch_jobs.
Traceback (most recent call last):
  File "/home/sahal.mullappilly/mohammad/MedAgentSim/MedPromptSimulate/src/promptbase/mmlu/utils.py", line 93, in run_batch_jobs
    result = future.result()
             ^^^^^^^^^^^^^^^
  File "/l/users/sahal.mullappilly/miniconda3/envs/omnigen/lib/python3.11/concurrent/futures/_base.py", line 449, in result
    return self.__get_result()
           ^^^^^^^^^^^^^^^^^^^
  File "/l/users/sahal.mullappilly/miniconda3/envs/omnigen/lib/python3.11/concurrent/futures/_base.py", line 401, in __get_result
    raise self._exception
  File "/l/users/sahal.mullappilly/miniconda3/envs/omnigen/lib/python3.11/concurrent/futures/thread.py", line 58, in run
    result = self.fn(*self.args, **self.kwargs)
             ^^^^^^^^^^^^^^^^^^^^^^^^^^^^^^^^^^
  File "/home/sahal.mullappilly/mohammad/MedAgentSim/MedPromptSimulate/src/promptbase/mmlu/experiment.py", line 503, in solve
    response = {"response": None, "text": backend.query_model(prompt, sys_prompt), "success": True}
                                          ^^^^^^^^^^^^^^^^^^^
AttributeError: 'str' object has no attribute 'query_model'
2025-06-28 01:54:59,540 [MainThread  ] [ERROR]  Error occurred during run_batch_jobs.
Traceback (most recent call last):
  File "/home/sahal.mullappilly/mohammad/MedAgentSim/MedPromptSimulate/src/promptbase/mmlu/utils.py", line 93, in run_batch_jobs
    result = future.result()
             ^^^^^^^^^^^^^^^
  File "/l/users/sahal.mullappilly/miniconda3/envs/omnigen/lib/python3.11/concurrent/futures/_base.py", line 449, in result
    return self.__get_result()
           ^^^^^^^^^^^^^^^^^^^
  File "/l/users/sahal.mullappilly/miniconda3/envs/omnigen/lib/python3.11/concurrent/futures/_base.py", line 401, in __get_result
    raise self._exception
  File "/l/users/sahal.mullappilly/miniconda3/envs/omnigen/lib/python3.11/concurrent/futures/thread.py", line 58, in run
    result = self.fn(*self.args, **self.kwargs)
             ^^^^^^^^^^^^^^^^^^^^^^^^^^^^^^^^^^
  File "/home/sahal.mullappilly/mohammad/MedAgentSim/MedPromptSimulate/src/promptbase/mmlu/experiment.py", line 503, in solve
    response = {"response": None, "text": backend.query_model(prompt, sys_prompt), "success": True}
                                          ^^^^^^^^^^^^^^^^^^^
AttributeError: 'str' object has no attribute 'query_model'
2025-06-28 01:54:59,541 [MainThread  ] [ERROR]  Error occurred during run_batch_jobs.
Traceback (most recent call last):
  File "/home/sahal.mullappilly/mohammad/MedAgentSim/MedPromptSimulate/src/promptbase/mmlu/utils.py", line 93, in run_batch_jobs
    result = future.result()
             ^^^^^^^^^^^^^^^
  File "/l/users/sahal.mullappilly/miniconda3/envs/omnigen/lib/python3.11/concurrent/futures/_base.py", line 449, in result
    return self.__get_result()
           ^^^^^^^^^^^^^^^^^^^
  File "/l/users/sahal.mullappilly/miniconda3/envs/omnigen/lib/python3.11/concurrent/futures/_base.py", line 401, in __get_result
    raise self._exception
  File "/l/users/sahal.mullappilly/miniconda3/envs/omnigen/lib/python3.11/concurrent/futures/thread.py", line 58, in run
    result = self.fn(*self.args, **self.kwargs)
             ^^^^^^^^^^^^^^^^^^^^^^^^^^^^^^^^^^
  File "/home/sahal.mullappilly/mohammad/MedAgentSim/MedPromptSimulate/src/promptbase/mmlu/experiment.py", line 503, in solve
    response = {"response": None, "text": backend.query_model(prompt, sys_prompt), "success": True}
                                          ^^^^^^^^^^^^^^^^^^^
AttributeError: 'str' object has no attribute 'query_model'
2025-06-28 01:54:59,542 [MainThread  ] [ERROR]  Error occurred during run_batch_jobs.
Traceback (most recent call last):
  File "/home/sahal.mullappilly/mohammad/MedAgentSim/MedPromptSimulate/src/promptbase/mmlu/utils.py", line 93, in run_batch_jobs
    result = future.result()
             ^^^^^^^^^^^^^^^
  File "/l/users/sahal.mullappilly/miniconda3/envs/omnigen/lib/python3.11/concurrent/futures/_base.py", line 449, in result
    return self.__get_result()
           ^^^^^^^^^^^^^^^^^^^
  File "/l/users/sahal.mullappilly/miniconda3/envs/omnigen/lib/python3.11/concurrent/futures/_base.py", line 401, in __get_result
    raise self._exception
  File "/l/users/sahal.mullappilly/miniconda3/envs/omnigen/lib/python3.11/concurrent/futures/thread.py", line 58, in run
    result = self.fn(*self.args, **self.kwargs)
             ^^^^^^^^^^^^^^^^^^^^^^^^^^^^^^^^^^
  File "/home/sahal.mullappilly/mohammad/MedAgentSim/MedPromptSimulate/src/promptbase/mmlu/experiment.py", line 503, in solve
    response = {"response": None, "text": backend.query_model(prompt, sys_prompt), "success": True}
                                          ^^^^^^^^^^^^^^^^^^^
AttributeError: 'str' object has no attribute 'query_model'
2025-06-28 01:54:59,543 [MainThread  ] [ERROR]  Error occurred during run_batch_jobs.
Traceback (most recent call last):
  File "/home/sahal.mullappilly/mohammad/MedAgentSim/MedPromptSimulate/src/promptbase/mmlu/utils.py", line 93, in run_batch_jobs
    result = future.result()
             ^^^^^^^^^^^^^^^
  File "/l/users/sahal.mullappilly/miniconda3/envs/omnigen/lib/python3.11/concurrent/futures/_base.py", line 449, in result
    return self.__get_result()
           ^^^^^^^^^^^^^^^^^^^
  File "/l/users/sahal.mullappilly/miniconda3/envs/omnigen/lib/python3.11/concurrent/futures/_base.py", line 401, in __get_result
    raise self._exception
  File "/l/users/sahal.mullappilly/miniconda3/envs/omnigen/lib/python3.11/concurrent/futures/thread.py", line 58, in run
    result = self.fn(*self.args, **self.kwargs)
             ^^^^^^^^^^^^^^^^^^^^^^^^^^^^^^^^^^
  File "/home/sahal.mullappilly/mohammad/MedAgentSim/MedPromptSimulate/src/promptbase/mmlu/experiment.py", line 503, in solve
    response = {"response": None, "text": backend.query_model(prompt, sys_prompt), "success": True}
                                          ^^^^^^^^^^^^^^^^^^^
AttributeError: 'str' object has no attribute 'query_model'
2025-06-28 01:54:59,545 [MainThread  ] [ERROR]  Error occurred during run_batch_jobs.
Traceback (most recent call last):
  File "/home/sahal.mullappilly/mohammad/MedAgentSim/MedPromptSimulate/src/promptbase/mmlu/utils.py", line 93, in run_batch_jobs
    result = future.result()
             ^^^^^^^^^^^^^^^
  File "/l/users/sahal.mullappilly/miniconda3/envs/omnigen/lib/python3.11/concurrent/futures/_base.py", line 449, in result
    return self.__get_result()
           ^^^^^^^^^^^^^^^^^^^
  File "/l/users/sahal.mullappilly/miniconda3/envs/omnigen/lib/python3.11/concurrent/futures/_base.py", line 401, in __get_result
    raise self._exception
  File "/l/users/sahal.mullappilly/miniconda3/envs/omnigen/lib/python3.11/concurrent/futures/thread.py", line 58, in run
    result = self.fn(*self.args, **self.kwargs)
             ^^^^^^^^^^^^^^^^^^^^^^^^^^^^^^^^^^
  File "/home/sahal.mullappilly/mohammad/MedAgentSim/MedPromptSimulate/src/promptbase/mmlu/experiment.py", line 503, in solve
    response = {"response": None, "text": backend.query_model(prompt, sys_prompt), "success": True}
                                          ^^^^^^^^^^^^^^^^^^^
AttributeError: 'str' object has no attribute 'query_model'
2025-06-28 01:54:59,547 [MainThread  ] [ERROR]  Error occurred during run_batch_jobs.
Traceback (most recent call last):
  File "/home/sahal.mullappilly/mohammad/MedAgentSim/MedPromptSimulate/src/promptbase/mmlu/utils.py", line 93, in run_batch_jobs
    result = future.result()
             ^^^^^^^^^^^^^^^
  File "/l/users/sahal.mullappilly/miniconda3/envs/omnigen/lib/python3.11/concurrent/futures/_base.py", line 449, in result
    return self.__get_result()
           ^^^^^^^^^^^^^^^^^^^
  File "/l/users/sahal.mullappilly/miniconda3/envs/omnigen/lib/python3.11/concurrent/futures/_base.py", line 401, in __get_result
    raise self._exception
  File "/l/users/sahal.mullappilly/miniconda3/envs/omnigen/lib/python3.11/concurrent/futures/thread.py", line 58, in run
    result = self.fn(*self.args, **self.kwargs)
             ^^^^^^^^^^^^^^^^^^^^^^^^^^^^^^^^^^
  File "/home/sahal.mullappilly/mohammad/MedAgentSim/MedPromptSimulate/src/promptbase/mmlu/experiment.py", line 503, in solve
    response = {"response": None, "text": backend.query_model(prompt, sys_prompt), "success": True}
                                          ^^^^^^^^^^^^^^^^^^^
AttributeError: 'str' object has no attribute 'query_model'
2025-06-28 01:54:59,548 [MainThread  ] [ERROR]  Error occurred during run_batch_jobs.
Traceback (most recent call last):
  File "/home/sahal.mullappilly/mohammad/MedAgentSim/MedPromptSimulate/src/promptbase/mmlu/utils.py", line 93, in run_batch_jobs
    result = future.result()
             ^^^^^^^^^^^^^^^
  File "/l/users/sahal.mullappilly/miniconda3/envs/omnigen/lib/python3.11/concurrent/futures/_base.py", line 449, in result
    return self.__get_result()
           ^^^^^^^^^^^^^^^^^^^
  File "/l/users/sahal.mullappilly/miniconda3/envs/omnigen/lib/python3.11/concurrent/futures/_base.py", line 401, in __get_result
    raise self._exception
  File "/l/users/sahal.mullappilly/miniconda3/envs/omnigen/lib/python3.11/concurrent/futures/thread.py", line 58, in run
    result = self.fn(*self.args, **self.kwargs)
             ^^^^^^^^^^^^^^^^^^^^^^^^^^^^^^^^^^
  File "/home/sahal.mullappilly/mohammad/MedAgentSim/MedPromptSimulate/src/promptbase/mmlu/experiment.py", line 503, in solve
    response = {"response": None, "text": backend.query_model(prompt, sys_prompt), "success": True}
                                          ^^^^^^^^^^^^^^^^^^^
AttributeError: 'str' object has no attribute 'query_model'
2025-06-28 01:54:59,549 [MainThread  ] [ERROR]  Error occurred during run_batch_jobs.
Traceback (most recent call last):
  File "/home/sahal.mullappilly/mohammad/MedAgentSim/MedPromptSimulate/src/promptbase/mmlu/utils.py", line 93, in run_batch_jobs
    result = future.result()
             ^^^^^^^^^^^^^^^
  File "/l/users/sahal.mullappilly/miniconda3/envs/omnigen/lib/python3.11/concurrent/futures/_base.py", line 449, in result
    return self.__get_result()
           ^^^^^^^^^^^^^^^^^^^
  File "/l/users/sahal.mullappilly/miniconda3/envs/omnigen/lib/python3.11/concurrent/futures/_base.py", line 401, in __get_result
    raise self._exception
  File "/l/users/sahal.mullappilly/miniconda3/envs/omnigen/lib/python3.11/concurrent/futures/thread.py", line 58, in run
    result = self.fn(*self.args, **self.kwargs)
             ^^^^^^^^^^^^^^^^^^^^^^^^^^^^^^^^^^
  File "/home/sahal.mullappilly/mohammad/MedAgentSim/MedPromptSimulate/src/promptbase/mmlu/experiment.py", line 503, in solve
    response = {"response": None, "text": backend.query_model(prompt, sys_prompt), "success": True}
                                          ^^^^^^^^^^^^^^^^^^^
AttributeError: 'str' object has no attribute 'query_model'
2025-06-28 01:54:59,550 [MainThread  ] [ERROR]  Error occurred during run_batch_jobs.
Traceback (most recent call last):
  File "/home/sahal.mullappilly/mohammad/MedAgentSim/MedPromptSimulate/src/promptbase/mmlu/utils.py", line 93, in run_batch_jobs
    result = future.result()
             ^^^^^^^^^^^^^^^
  File "/l/users/sahal.mullappilly/miniconda3/envs/omnigen/lib/python3.11/concurrent/futures/_base.py", line 449, in result
    return self.__get_result()
           ^^^^^^^^^^^^^^^^^^^
  File "/l/users/sahal.mullappilly/miniconda3/envs/omnigen/lib/python3.11/concurrent/futures/_base.py", line 401, in __get_result
    raise self._exception
  File "/l/users/sahal.mullappilly/miniconda3/envs/omnigen/lib/python3.11/concurrent/futures/thread.py", line 58, in run
    result = self.fn(*self.args, **self.kwargs)
             ^^^^^^^^^^^^^^^^^^^^^^^^^^^^^^^^^^
  File "/home/sahal.mullappilly/mohammad/MedAgentSim/MedPromptSimulate/src/promptbase/mmlu/experiment.py", line 503, in solve
    response = {"response": None, "text": backend.query_model(prompt, sys_prompt), "success": True}
                                          ^^^^^^^^^^^^^^^^^^^
AttributeError: 'str' object has no attribute 'query_model'
2025-06-28 01:55:11,821 [MainThread  ] [INFO ]  Doctor [100%]: DIAGNOSIS READY: The provided discussion and findings do not support the conclusion of Cholecystitis. Cholecystitis is inflammation of the gallbladder, typically presenting with abdominal pain, fever, and other gastrointestinal symptoms, which are not mentioned in the discussion.

Based on the symptoms and test results discussed, the majority of the doctors suggest a neurological disorder, with possible conditions including amyotrophic lateral sclerosis (ALS), multiple sclerosis (MS), muscular dystrophy, or myasthenia gravis. The EMG test results are considered crucial in confirming the diagnosis.

Given the information presented, a more appropriate final diagnosis would be: Amyotrophic Lateral Sclerosis (ALS) or another motor neuron disease, pending the results of the EMG test and other diagnostic evaluations.
2025-06-28 01:55:14,351 [MainThread  ] [INFO ]  
Correct answer: Myasthenia gravis
2025-06-28 01:55:14,351 [MainThread  ] [INFO ]  Scene 0, The diagnosis was INCORRECT (0.00%)
2025-06-28 01:55:14,353 [MainThread  ] [INFO ]  Dialogue history saved for scenario 0 at /home/sahal.mullappilly/mohammad/MedAgentSim/medsim\output/scenario_0/dialogue_history.json.
2025-06-28 01:55:14,353 [MainThread  ] [INFO ]  Simulation completed.
2025-06-28 02:42:31,349 [MainThread  ] [ERROR]  Error occurred during run_batch_jobs.
Traceback (most recent call last):
  File "/home/sahal.mullappilly/mohammad/MedAgentSim/MedPromptSimulate/src/promptbase/mmlu/utils.py", line 93, in run_batch_jobs
    result = future.result()
             ^^^^^^^^^^^^^^^
  File "/l/users/sahal.mullappilly/miniconda3/envs/omnigen/lib/python3.11/concurrent/futures/_base.py", line 449, in result
    return self.__get_result()
           ^^^^^^^^^^^^^^^^^^^
  File "/l/users/sahal.mullappilly/miniconda3/envs/omnigen/lib/python3.11/concurrent/futures/_base.py", line 401, in __get_result
    raise self._exception
  File "/l/users/sahal.mullappilly/miniconda3/envs/omnigen/lib/python3.11/concurrent/futures/thread.py", line 58, in run
    result = self.fn(*self.args, **self.kwargs)
             ^^^^^^^^^^^^^^^^^^^^^^^^^^^^^^^^^^
  File "/home/sahal.mullappilly/mohammad/MedAgentSim/MedPromptSimulate/src/promptbase/mmlu/experiment.py", line 503, in solve
    response = {"response": None, "text": backend.query_model(prompt, sys_prompt), "success": True}
                                          ^^^^^^^^^^^^^^^^^^^
AttributeError: 'str' object has no attribute 'query_model'
2025-06-28 02:42:31,353 [MainThread  ] [ERROR]  Error occurred during run_batch_jobs.
Traceback (most recent call last):
  File "/home/sahal.mullappilly/mohammad/MedAgentSim/MedPromptSimulate/src/promptbase/mmlu/utils.py", line 93, in run_batch_jobs
    result = future.result()
             ^^^^^^^^^^^^^^^
  File "/l/users/sahal.mullappilly/miniconda3/envs/omnigen/lib/python3.11/concurrent/futures/_base.py", line 449, in result
    return self.__get_result()
           ^^^^^^^^^^^^^^^^^^^
  File "/l/users/sahal.mullappilly/miniconda3/envs/omnigen/lib/python3.11/concurrent/futures/_base.py", line 401, in __get_result
    raise self._exception
  File "/l/users/sahal.mullappilly/miniconda3/envs/omnigen/lib/python3.11/concurrent/futures/thread.py", line 58, in run
    result = self.fn(*self.args, **self.kwargs)
             ^^^^^^^^^^^^^^^^^^^^^^^^^^^^^^^^^^
  File "/home/sahal.mullappilly/mohammad/MedAgentSim/MedPromptSimulate/src/promptbase/mmlu/experiment.py", line 503, in solve
    response = {"response": None, "text": backend.query_model(prompt, sys_prompt), "success": True}
                                          ^^^^^^^^^^^^^^^^^^^
AttributeError: 'str' object has no attribute 'query_model'
2025-06-28 02:42:31,355 [MainThread  ] [ERROR]  Error occurred during run_batch_jobs.
Traceback (most recent call last):
  File "/home/sahal.mullappilly/mohammad/MedAgentSim/MedPromptSimulate/src/promptbase/mmlu/utils.py", line 93, in run_batch_jobs
    result = future.result()
             ^^^^^^^^^^^^^^^
  File "/l/users/sahal.mullappilly/miniconda3/envs/omnigen/lib/python3.11/concurrent/futures/_base.py", line 449, in result
    return self.__get_result()
           ^^^^^^^^^^^^^^^^^^^
  File "/l/users/sahal.mullappilly/miniconda3/envs/omnigen/lib/python3.11/concurrent/futures/_base.py", line 401, in __get_result
    raise self._exception
  File "/l/users/sahal.mullappilly/miniconda3/envs/omnigen/lib/python3.11/concurrent/futures/thread.py", line 58, in run
    result = self.fn(*self.args, **self.kwargs)
             ^^^^^^^^^^^^^^^^^^^^^^^^^^^^^^^^^^
  File "/home/sahal.mullappilly/mohammad/MedAgentSim/MedPromptSimulate/src/promptbase/mmlu/experiment.py", line 503, in solve
    response = {"response": None, "text": backend.query_model(prompt, sys_prompt), "success": True}
                                          ^^^^^^^^^^^^^^^^^^^
AttributeError: 'str' object has no attribute 'query_model'
2025-06-28 02:42:31,357 [MainThread  ] [ERROR]  Error occurred during run_batch_jobs.
Traceback (most recent call last):
  File "/home/sahal.mullappilly/mohammad/MedAgentSim/MedPromptSimulate/src/promptbase/mmlu/utils.py", line 93, in run_batch_jobs
    result = future.result()
             ^^^^^^^^^^^^^^^
  File "/l/users/sahal.mullappilly/miniconda3/envs/omnigen/lib/python3.11/concurrent/futures/_base.py", line 449, in result
    return self.__get_result()
           ^^^^^^^^^^^^^^^^^^^
  File "/l/users/sahal.mullappilly/miniconda3/envs/omnigen/lib/python3.11/concurrent/futures/_base.py", line 401, in __get_result
    raise self._exception
  File "/l/users/sahal.mullappilly/miniconda3/envs/omnigen/lib/python3.11/concurrent/futures/thread.py", line 58, in run
    result = self.fn(*self.args, **self.kwargs)
             ^^^^^^^^^^^^^^^^^^^^^^^^^^^^^^^^^^
  File "/home/sahal.mullappilly/mohammad/MedAgentSim/MedPromptSimulate/src/promptbase/mmlu/experiment.py", line 503, in solve
    response = {"response": None, "text": backend.query_model(prompt, sys_prompt), "success": True}
                                          ^^^^^^^^^^^^^^^^^^^
AttributeError: 'str' object has no attribute 'query_model'
2025-06-28 02:42:31,358 [MainThread  ] [ERROR]  Error occurred during run_batch_jobs.
Traceback (most recent call last):
  File "/home/sahal.mullappilly/mohammad/MedAgentSim/MedPromptSimulate/src/promptbase/mmlu/utils.py", line 93, in run_batch_jobs
    result = future.result()
             ^^^^^^^^^^^^^^^
  File "/l/users/sahal.mullappilly/miniconda3/envs/omnigen/lib/python3.11/concurrent/futures/_base.py", line 449, in result
    return self.__get_result()
           ^^^^^^^^^^^^^^^^^^^
  File "/l/users/sahal.mullappilly/miniconda3/envs/omnigen/lib/python3.11/concurrent/futures/_base.py", line 401, in __get_result
    raise self._exception
  File "/l/users/sahal.mullappilly/miniconda3/envs/omnigen/lib/python3.11/concurrent/futures/thread.py", line 58, in run
    result = self.fn(*self.args, **self.kwargs)
             ^^^^^^^^^^^^^^^^^^^^^^^^^^^^^^^^^^
  File "/home/sahal.mullappilly/mohammad/MedAgentSim/MedPromptSimulate/src/promptbase/mmlu/experiment.py", line 503, in solve
    response = {"response": None, "text": backend.query_model(prompt, sys_prompt), "success": True}
                                          ^^^^^^^^^^^^^^^^^^^
AttributeError: 'str' object has no attribute 'query_model'
2025-06-28 02:42:31,360 [MainThread  ] [ERROR]  Error occurred during run_batch_jobs.
Traceback (most recent call last):
  File "/home/sahal.mullappilly/mohammad/MedAgentSim/MedPromptSimulate/src/promptbase/mmlu/utils.py", line 93, in run_batch_jobs
    result = future.result()
             ^^^^^^^^^^^^^^^
  File "/l/users/sahal.mullappilly/miniconda3/envs/omnigen/lib/python3.11/concurrent/futures/_base.py", line 449, in result
    return self.__get_result()
           ^^^^^^^^^^^^^^^^^^^
  File "/l/users/sahal.mullappilly/miniconda3/envs/omnigen/lib/python3.11/concurrent/futures/_base.py", line 401, in __get_result
    raise self._exception
  File "/l/users/sahal.mullappilly/miniconda3/envs/omnigen/lib/python3.11/concurrent/futures/thread.py", line 58, in run
    result = self.fn(*self.args, **self.kwargs)
             ^^^^^^^^^^^^^^^^^^^^^^^^^^^^^^^^^^
  File "/home/sahal.mullappilly/mohammad/MedAgentSim/MedPromptSimulate/src/promptbase/mmlu/experiment.py", line 503, in solve
    response = {"response": None, "text": backend.query_model(prompt, sys_prompt), "success": True}
                                          ^^^^^^^^^^^^^^^^^^^
AttributeError: 'str' object has no attribute 'query_model'
2025-06-28 02:42:31,362 [MainThread  ] [ERROR]  Error occurred during run_batch_jobs.
Traceback (most recent call last):
  File "/home/sahal.mullappilly/mohammad/MedAgentSim/MedPromptSimulate/src/promptbase/mmlu/utils.py", line 93, in run_batch_jobs
    result = future.result()
             ^^^^^^^^^^^^^^^
  File "/l/users/sahal.mullappilly/miniconda3/envs/omnigen/lib/python3.11/concurrent/futures/_base.py", line 449, in result
    return self.__get_result()
           ^^^^^^^^^^^^^^^^^^^
  File "/l/users/sahal.mullappilly/miniconda3/envs/omnigen/lib/python3.11/concurrent/futures/_base.py", line 401, in __get_result
    raise self._exception
  File "/l/users/sahal.mullappilly/miniconda3/envs/omnigen/lib/python3.11/concurrent/futures/thread.py", line 58, in run
    result = self.fn(*self.args, **self.kwargs)
             ^^^^^^^^^^^^^^^^^^^^^^^^^^^^^^^^^^
  File "/home/sahal.mullappilly/mohammad/MedAgentSim/MedPromptSimulate/src/promptbase/mmlu/experiment.py", line 503, in solve
    response = {"response": None, "text": backend.query_model(prompt, sys_prompt), "success": True}
                                          ^^^^^^^^^^^^^^^^^^^
AttributeError: 'str' object has no attribute 'query_model'
2025-06-28 02:42:31,363 [MainThread  ] [ERROR]  Error occurred during run_batch_jobs.
Traceback (most recent call last):
  File "/home/sahal.mullappilly/mohammad/MedAgentSim/MedPromptSimulate/src/promptbase/mmlu/utils.py", line 93, in run_batch_jobs
    result = future.result()
             ^^^^^^^^^^^^^^^
  File "/l/users/sahal.mullappilly/miniconda3/envs/omnigen/lib/python3.11/concurrent/futures/_base.py", line 449, in result
    return self.__get_result()
           ^^^^^^^^^^^^^^^^^^^
  File "/l/users/sahal.mullappilly/miniconda3/envs/omnigen/lib/python3.11/concurrent/futures/_base.py", line 401, in __get_result
    raise self._exception
  File "/l/users/sahal.mullappilly/miniconda3/envs/omnigen/lib/python3.11/concurrent/futures/thread.py", line 58, in run
    result = self.fn(*self.args, **self.kwargs)
             ^^^^^^^^^^^^^^^^^^^^^^^^^^^^^^^^^^
  File "/home/sahal.mullappilly/mohammad/MedAgentSim/MedPromptSimulate/src/promptbase/mmlu/experiment.py", line 503, in solve
    response = {"response": None, "text": backend.query_model(prompt, sys_prompt), "success": True}
                                          ^^^^^^^^^^^^^^^^^^^
AttributeError: 'str' object has no attribute 'query_model'
2025-06-28 02:42:31,367 [MainThread  ] [ERROR]  Error occurred during run_batch_jobs.
Traceback (most recent call last):
  File "/home/sahal.mullappilly/mohammad/MedAgentSim/MedPromptSimulate/src/promptbase/mmlu/utils.py", line 93, in run_batch_jobs
    result = future.result()
             ^^^^^^^^^^^^^^^
  File "/l/users/sahal.mullappilly/miniconda3/envs/omnigen/lib/python3.11/concurrent/futures/_base.py", line 449, in result
    return self.__get_result()
           ^^^^^^^^^^^^^^^^^^^
  File "/l/users/sahal.mullappilly/miniconda3/envs/omnigen/lib/python3.11/concurrent/futures/_base.py", line 401, in __get_result
    raise self._exception
  File "/l/users/sahal.mullappilly/miniconda3/envs/omnigen/lib/python3.11/concurrent/futures/thread.py", line 58, in run
    result = self.fn(*self.args, **self.kwargs)
             ^^^^^^^^^^^^^^^^^^^^^^^^^^^^^^^^^^
  File "/home/sahal.mullappilly/mohammad/MedAgentSim/MedPromptSimulate/src/promptbase/mmlu/experiment.py", line 503, in solve
    response = {"response": None, "text": backend.query_model(prompt, sys_prompt), "success": True}
                                          ^^^^^^^^^^^^^^^^^^^
AttributeError: 'str' object has no attribute 'query_model'
2025-06-28 02:42:31,368 [MainThread  ] [ERROR]  Error occurred during run_batch_jobs.
Traceback (most recent call last):
  File "/home/sahal.mullappilly/mohammad/MedAgentSim/MedPromptSimulate/src/promptbase/mmlu/utils.py", line 93, in run_batch_jobs
    result = future.result()
             ^^^^^^^^^^^^^^^
  File "/l/users/sahal.mullappilly/miniconda3/envs/omnigen/lib/python3.11/concurrent/futures/_base.py", line 449, in result
    return self.__get_result()
           ^^^^^^^^^^^^^^^^^^^
  File "/l/users/sahal.mullappilly/miniconda3/envs/omnigen/lib/python3.11/concurrent/futures/_base.py", line 401, in __get_result
    raise self._exception
  File "/l/users/sahal.mullappilly/miniconda3/envs/omnigen/lib/python3.11/concurrent/futures/thread.py", line 58, in run
    result = self.fn(*self.args, **self.kwargs)
             ^^^^^^^^^^^^^^^^^^^^^^^^^^^^^^^^^^
  File "/home/sahal.mullappilly/mohammad/MedAgentSim/MedPromptSimulate/src/promptbase/mmlu/experiment.py", line 503, in solve
    response = {"response": None, "text": backend.query_model(prompt, sys_prompt), "success": True}
                                          ^^^^^^^^^^^^^^^^^^^
AttributeError: 'str' object has no attribute 'query_model'
2025-06-28 02:42:44,348 [MainThread  ] [INFO ]  Doctor [100%]: DIAGNOSIS READY: Myasthenia Gravis (MG)

The majority of the doctors (Doctors 1, 2, 4, and 5) considered Myasthenia Gravis as a potential diagnosis due to the patient's symptoms, such as fluctuating weakness, double vision, difficulty with speech and swallowing, and muscle cramps. Although some doctors also mentioned other conditions like Multiple Sclerosis (MS) and Amyotrophic Lateral Sclerosis (ALS), the combination of symptoms and the absence of specific indicators for these conditions made Myasthenia Gravis a more likely diagnosis.

Note: Cholecystitis, which was mentioned as the concluded diagnosis, does not align with the discussion and symptoms presented, as it is an inflammation of the gallbladder and does not match the neurological symptoms described by the patient.
2025-06-28 02:42:46,879 [MainThread  ] [INFO ]  
Correct answer: Myasthenia gravis
2025-06-28 02:42:46,879 [MainThread  ] [INFO ]  Scene 0, The diagnosis was CORRECT (100.00%)
2025-06-28 02:42:46,881 [MainThread  ] [INFO ]  Dialogue history saved for scenario 0 at /home/sahal.mullappilly/mohammad/MedAgentSim/output/scenario_0/dialogue_history.json.
2025-06-28 02:42:46,881 [MainThread  ] [INFO ]  Simulation completed.
2025-06-28 03:15:47,187 [MainThread  ] [ERROR]  Error occurred during run_batch_jobs.
Traceback (most recent call last):
  File "/home/sahal.mullappilly/mohammad/MedAgentSim/MedPromptSimulate/src/promptbase/mmlu/utils.py", line 93, in run_batch_jobs
    result = future.result()
             ^^^^^^^^^^^^^^^
  File "/l/users/sahal.mullappilly/miniconda3/envs/omnigen/lib/python3.11/concurrent/futures/_base.py", line 449, in result
    return self.__get_result()
           ^^^^^^^^^^^^^^^^^^^
  File "/l/users/sahal.mullappilly/miniconda3/envs/omnigen/lib/python3.11/concurrent/futures/_base.py", line 401, in __get_result
    raise self._exception
  File "/l/users/sahal.mullappilly/miniconda3/envs/omnigen/lib/python3.11/concurrent/futures/thread.py", line 58, in run
    result = self.fn(*self.args, **self.kwargs)
             ^^^^^^^^^^^^^^^^^^^^^^^^^^^^^^^^^^
  File "/home/sahal.mullappilly/mohammad/MedAgentSim/MedPromptSimulate/src/promptbase/mmlu/experiment.py", line 503, in solve
    response = {"response": None, "text": backend.query_model(prompt, sys_prompt), "success": True}
                                          ^^^^^^^^^^^^^^^^^^^
AttributeError: 'str' object has no attribute 'query_model'
2025-06-28 03:15:47,190 [MainThread  ] [ERROR]  Error occurred during run_batch_jobs.
Traceback (most recent call last):
  File "/home/sahal.mullappilly/mohammad/MedAgentSim/MedPromptSimulate/src/promptbase/mmlu/utils.py", line 93, in run_batch_jobs
    result = future.result()
             ^^^^^^^^^^^^^^^
  File "/l/users/sahal.mullappilly/miniconda3/envs/omnigen/lib/python3.11/concurrent/futures/_base.py", line 449, in result
    return self.__get_result()
           ^^^^^^^^^^^^^^^^^^^
  File "/l/users/sahal.mullappilly/miniconda3/envs/omnigen/lib/python3.11/concurrent/futures/_base.py", line 401, in __get_result
    raise self._exception
  File "/l/users/sahal.mullappilly/miniconda3/envs/omnigen/lib/python3.11/concurrent/futures/thread.py", line 58, in run
    result = self.fn(*self.args, **self.kwargs)
             ^^^^^^^^^^^^^^^^^^^^^^^^^^^^^^^^^^
  File "/home/sahal.mullappilly/mohammad/MedAgentSim/MedPromptSimulate/src/promptbase/mmlu/experiment.py", line 503, in solve
    response = {"response": None, "text": backend.query_model(prompt, sys_prompt), "success": True}
                                          ^^^^^^^^^^^^^^^^^^^
AttributeError: 'str' object has no attribute 'query_model'
2025-06-28 03:15:47,192 [MainThread  ] [ERROR]  Error occurred during run_batch_jobs.
Traceback (most recent call last):
  File "/home/sahal.mullappilly/mohammad/MedAgentSim/MedPromptSimulate/src/promptbase/mmlu/utils.py", line 93, in run_batch_jobs
    result = future.result()
             ^^^^^^^^^^^^^^^
  File "/l/users/sahal.mullappilly/miniconda3/envs/omnigen/lib/python3.11/concurrent/futures/_base.py", line 449, in result
    return self.__get_result()
           ^^^^^^^^^^^^^^^^^^^
  File "/l/users/sahal.mullappilly/miniconda3/envs/omnigen/lib/python3.11/concurrent/futures/_base.py", line 401, in __get_result
    raise self._exception
  File "/l/users/sahal.mullappilly/miniconda3/envs/omnigen/lib/python3.11/concurrent/futures/thread.py", line 58, in run
    result = self.fn(*self.args, **self.kwargs)
             ^^^^^^^^^^^^^^^^^^^^^^^^^^^^^^^^^^
  File "/home/sahal.mullappilly/mohammad/MedAgentSim/MedPromptSimulate/src/promptbase/mmlu/experiment.py", line 503, in solve
    response = {"response": None, "text": backend.query_model(prompt, sys_prompt), "success": True}
                                          ^^^^^^^^^^^^^^^^^^^
AttributeError: 'str' object has no attribute 'query_model'
2025-06-28 03:15:47,193 [MainThread  ] [ERROR]  Error occurred during run_batch_jobs.
Traceback (most recent call last):
  File "/home/sahal.mullappilly/mohammad/MedAgentSim/MedPromptSimulate/src/promptbase/mmlu/utils.py", line 93, in run_batch_jobs
    result = future.result()
             ^^^^^^^^^^^^^^^
  File "/l/users/sahal.mullappilly/miniconda3/envs/omnigen/lib/python3.11/concurrent/futures/_base.py", line 449, in result
    return self.__get_result()
           ^^^^^^^^^^^^^^^^^^^
  File "/l/users/sahal.mullappilly/miniconda3/envs/omnigen/lib/python3.11/concurrent/futures/_base.py", line 401, in __get_result
    raise self._exception
  File "/l/users/sahal.mullappilly/miniconda3/envs/omnigen/lib/python3.11/concurrent/futures/thread.py", line 58, in run
    result = self.fn(*self.args, **self.kwargs)
             ^^^^^^^^^^^^^^^^^^^^^^^^^^^^^^^^^^
  File "/home/sahal.mullappilly/mohammad/MedAgentSim/MedPromptSimulate/src/promptbase/mmlu/experiment.py", line 503, in solve
    response = {"response": None, "text": backend.query_model(prompt, sys_prompt), "success": True}
                                          ^^^^^^^^^^^^^^^^^^^
AttributeError: 'str' object has no attribute 'query_model'
2025-06-28 03:15:47,194 [MainThread  ] [ERROR]  Error occurred during run_batch_jobs.
Traceback (most recent call last):
  File "/home/sahal.mullappilly/mohammad/MedAgentSim/MedPromptSimulate/src/promptbase/mmlu/utils.py", line 93, in run_batch_jobs
    result = future.result()
             ^^^^^^^^^^^^^^^
  File "/l/users/sahal.mullappilly/miniconda3/envs/omnigen/lib/python3.11/concurrent/futures/_base.py", line 449, in result
    return self.__get_result()
           ^^^^^^^^^^^^^^^^^^^
  File "/l/users/sahal.mullappilly/miniconda3/envs/omnigen/lib/python3.11/concurrent/futures/_base.py", line 401, in __get_result
    raise self._exception
  File "/l/users/sahal.mullappilly/miniconda3/envs/omnigen/lib/python3.11/concurrent/futures/thread.py", line 58, in run
    result = self.fn(*self.args, **self.kwargs)
             ^^^^^^^^^^^^^^^^^^^^^^^^^^^^^^^^^^
  File "/home/sahal.mullappilly/mohammad/MedAgentSim/MedPromptSimulate/src/promptbase/mmlu/experiment.py", line 503, in solve
    response = {"response": None, "text": backend.query_model(prompt, sys_prompt), "success": True}
                                          ^^^^^^^^^^^^^^^^^^^
AttributeError: 'str' object has no attribute 'query_model'
2025-06-28 03:15:47,196 [MainThread  ] [ERROR]  Error occurred during run_batch_jobs.
Traceback (most recent call last):
  File "/home/sahal.mullappilly/mohammad/MedAgentSim/MedPromptSimulate/src/promptbase/mmlu/utils.py", line 93, in run_batch_jobs
    result = future.result()
             ^^^^^^^^^^^^^^^
  File "/l/users/sahal.mullappilly/miniconda3/envs/omnigen/lib/python3.11/concurrent/futures/_base.py", line 449, in result
    return self.__get_result()
           ^^^^^^^^^^^^^^^^^^^
  File "/l/users/sahal.mullappilly/miniconda3/envs/omnigen/lib/python3.11/concurrent/futures/_base.py", line 401, in __get_result
    raise self._exception
  File "/l/users/sahal.mullappilly/miniconda3/envs/omnigen/lib/python3.11/concurrent/futures/thread.py", line 58, in run
    result = self.fn(*self.args, **self.kwargs)
             ^^^^^^^^^^^^^^^^^^^^^^^^^^^^^^^^^^
  File "/home/sahal.mullappilly/mohammad/MedAgentSim/MedPromptSimulate/src/promptbase/mmlu/experiment.py", line 503, in solve
    response = {"response": None, "text": backend.query_model(prompt, sys_prompt), "success": True}
                                          ^^^^^^^^^^^^^^^^^^^
AttributeError: 'str' object has no attribute 'query_model'
2025-06-28 03:15:47,198 [MainThread  ] [ERROR]  Error occurred during run_batch_jobs.
Traceback (most recent call last):
  File "/home/sahal.mullappilly/mohammad/MedAgentSim/MedPromptSimulate/src/promptbase/mmlu/utils.py", line 93, in run_batch_jobs
    result = future.result()
             ^^^^^^^^^^^^^^^
  File "/l/users/sahal.mullappilly/miniconda3/envs/omnigen/lib/python3.11/concurrent/futures/_base.py", line 449, in result
    return self.__get_result()
           ^^^^^^^^^^^^^^^^^^^
  File "/l/users/sahal.mullappilly/miniconda3/envs/omnigen/lib/python3.11/concurrent/futures/_base.py", line 401, in __get_result
    raise self._exception
  File "/l/users/sahal.mullappilly/miniconda3/envs/omnigen/lib/python3.11/concurrent/futures/thread.py", line 58, in run
    result = self.fn(*self.args, **self.kwargs)
             ^^^^^^^^^^^^^^^^^^^^^^^^^^^^^^^^^^
  File "/home/sahal.mullappilly/mohammad/MedAgentSim/MedPromptSimulate/src/promptbase/mmlu/experiment.py", line 503, in solve
    response = {"response": None, "text": backend.query_model(prompt, sys_prompt), "success": True}
                                          ^^^^^^^^^^^^^^^^^^^
AttributeError: 'str' object has no attribute 'query_model'
2025-06-28 03:15:47,200 [MainThread  ] [ERROR]  Error occurred during run_batch_jobs.
Traceback (most recent call last):
  File "/home/sahal.mullappilly/mohammad/MedAgentSim/MedPromptSimulate/src/promptbase/mmlu/utils.py", line 93, in run_batch_jobs
    result = future.result()
             ^^^^^^^^^^^^^^^
  File "/l/users/sahal.mullappilly/miniconda3/envs/omnigen/lib/python3.11/concurrent/futures/_base.py", line 449, in result
    return self.__get_result()
           ^^^^^^^^^^^^^^^^^^^
  File "/l/users/sahal.mullappilly/miniconda3/envs/omnigen/lib/python3.11/concurrent/futures/_base.py", line 401, in __get_result
    raise self._exception
  File "/l/users/sahal.mullappilly/miniconda3/envs/omnigen/lib/python3.11/concurrent/futures/thread.py", line 58, in run
    result = self.fn(*self.args, **self.kwargs)
             ^^^^^^^^^^^^^^^^^^^^^^^^^^^^^^^^^^
  File "/home/sahal.mullappilly/mohammad/MedAgentSim/MedPromptSimulate/src/promptbase/mmlu/experiment.py", line 503, in solve
    response = {"response": None, "text": backend.query_model(prompt, sys_prompt), "success": True}
                                          ^^^^^^^^^^^^^^^^^^^
AttributeError: 'str' object has no attribute 'query_model'
2025-06-28 03:15:47,202 [MainThread  ] [ERROR]  Error occurred during run_batch_jobs.
Traceback (most recent call last):
  File "/home/sahal.mullappilly/mohammad/MedAgentSim/MedPromptSimulate/src/promptbase/mmlu/utils.py", line 93, in run_batch_jobs
    result = future.result()
             ^^^^^^^^^^^^^^^
  File "/l/users/sahal.mullappilly/miniconda3/envs/omnigen/lib/python3.11/concurrent/futures/_base.py", line 449, in result
    return self.__get_result()
           ^^^^^^^^^^^^^^^^^^^
  File "/l/users/sahal.mullappilly/miniconda3/envs/omnigen/lib/python3.11/concurrent/futures/_base.py", line 401, in __get_result
    raise self._exception
  File "/l/users/sahal.mullappilly/miniconda3/envs/omnigen/lib/python3.11/concurrent/futures/thread.py", line 58, in run
    result = self.fn(*self.args, **self.kwargs)
             ^^^^^^^^^^^^^^^^^^^^^^^^^^^^^^^^^^
  File "/home/sahal.mullappilly/mohammad/MedAgentSim/MedPromptSimulate/src/promptbase/mmlu/experiment.py", line 503, in solve
    response = {"response": None, "text": backend.query_model(prompt, sys_prompt), "success": True}
                                          ^^^^^^^^^^^^^^^^^^^
AttributeError: 'str' object has no attribute 'query_model'
2025-06-28 03:15:47,203 [MainThread  ] [ERROR]  Error occurred during run_batch_jobs.
Traceback (most recent call last):
  File "/home/sahal.mullappilly/mohammad/MedAgentSim/MedPromptSimulate/src/promptbase/mmlu/utils.py", line 93, in run_batch_jobs
    result = future.result()
             ^^^^^^^^^^^^^^^
  File "/l/users/sahal.mullappilly/miniconda3/envs/omnigen/lib/python3.11/concurrent/futures/_base.py", line 449, in result
    return self.__get_result()
           ^^^^^^^^^^^^^^^^^^^
  File "/l/users/sahal.mullappilly/miniconda3/envs/omnigen/lib/python3.11/concurrent/futures/_base.py", line 401, in __get_result
    raise self._exception
  File "/l/users/sahal.mullappilly/miniconda3/envs/omnigen/lib/python3.11/concurrent/futures/thread.py", line 58, in run
    result = self.fn(*self.args, **self.kwargs)
             ^^^^^^^^^^^^^^^^^^^^^^^^^^^^^^^^^^
  File "/home/sahal.mullappilly/mohammad/MedAgentSim/MedPromptSimulate/src/promptbase/mmlu/experiment.py", line 503, in solve
    response = {"response": None, "text": backend.query_model(prompt, sys_prompt), "success": True}
                                          ^^^^^^^^^^^^^^^^^^^
AttributeError: 'str' object has no attribute 'query_model'
2025-06-28 03:16:01,842 [MainThread  ] [INFO ]  Doctor [100%]: DIAGNOSIS READY: The provided discussion and findings do not support the diagnosis of Cholecystitis. Cholecystitis is an inflammation of the gallbladder, typically presenting with abdominal pain, fever, and potentially jaundice, which does not align with the neurological symptoms described.

Based on the symptoms presented, including double vision, upper limb weakness, difficulty climbing stairs, fine motor movement difficulties, and the discussion among the doctors considering conditions such as multiple sclerosis, myasthenia gravis, amyotrophic lateral sclerosis (ALS), muscular dystrophy, and peripheral neuropathy, a more appropriate diagnosis would be a neurological disorder.

Given the combination of motor symptoms (upper limb weakness, difficulty climbing stairs), potential sensory or balance issues (double vision, difficulty with fine motor movements), and the absence of clear indications of a systemic illness or infection, the most likely diagnosis would be a condition affecting the nervous system, such as Amyotrophic Lateral Sclerosis (ALS) or another
2025-06-28 03:16:04,380 [MainThread  ] [INFO ]  
Correct answer: Myasthenia gravis
2025-06-28 03:16:04,380 [MainThread  ] [INFO ]  Scene 0, The diagnosis was INCORRECT (0.00%)
2025-06-28 03:16:04,382 [MainThread  ] [INFO ]  Dialogue history saved for scenario 0 at /home/sahal.mullappilly/mohammad/MedAgentSim/output/scenario_0/dialogue_history.json.
2025-06-28 03:16:04,382 [MainThread  ] [INFO ]  Simulation completed.
2026-02-02 20:26:31,863 [MainThread  ] [INFO ]  Doctor [100%]: Doctor 1: The repeated and persistent occurrence of **bilious vomiting (green or yellow vomit) even when not feeding** is a critical red flag for a **mechanical obstruction** in the biliary or gastrointestinal tract. Bilious vomiting indicates that bile is reaching the stomach, which only occurs when there is a blockage **distal to the ampulla of Vater**—such as in the common bile duct, duodenum, or distal small bowel. This is not consistent with simple gastroesophageal reflux or functional feeding issues.

Doctor 2: Agrees—this symptom is a **highly specific indicator** of obstruction downstream of the ampulla. Conditions like **biliary atresia**, **choledochal cyst**, **intestinal malrotation with volvulus**, or **distal small bowel atresia** must be considered. The absence of jaundice, blood in stool, or melena makes infectious or inflammatory causes less likely, further
2026-02-02 20:26:32,096 [MainThread  ] [WARNI]  Server query attempt 1 failed: 404 Client Error: Not Found for url: https://vllm-dev.nahlia.com/v1/chat/completions
2026-02-02 20:26:37,101 [MainThread  ] [ERROR]  Max retries exceeded: Unable to fetch response from server.
2026-02-02 20:26:42,313 [MainThread  ] [WARNI]  Server query attempt 1 failed: 404 Client Error: Not Found for url: https://vllm-dev.nahlia.com/v1/chat/completions
2026-02-02 20:26:47,318 [MainThread  ] [ERROR]  Max retries exceeded: Unable to fetch response from server.
2026-02-02 20:26:52,501 [MainThread  ] [WARNI]  Server query attempt 1 failed: 404 Client Error: Not Found for url: https://vllm-dev.nahlia.com/v1/chat/completions
2026-02-02 20:26:57,502 [MainThread  ] [ERROR]  Max retries exceeded: Unable to fetch response from server.
2026-02-02 20:27:02,508 [MainThread  ] [ERROR]  An error occurred during the simulation.
Traceback (most recent call last):
  File "/Users/jeremypa/Documents/Venture/Nahlia/MedAgentSim/medsim/run.py", line 219, in prep
    is_correct = run_simulation_idx(
  File "/Users/jeremypa/Documents/Venture/Nahlia/MedAgentSim/medsim/run.py", line 426, in run_simulation_idx
    is_correct = run_interaction_loop(
  File "/Users/jeremypa/Documents/Venture/Nahlia/MedAgentSim/medsim/run.py", line 510, in run_interaction_loop
    result = compare_results(
  File "/Users/jeremypa/Documents/Venture/Nahlia/MedAgentSim/medsim/agents.py", line 621, in compare_results
    raise Exception("Failed to compare results after multiple attempts.")
Exception: Failed to compare results after multiple attempts.
2026-02-02 21:35:25,999 [MainThread  ] [INFO ]  Doctor [100%]: Doctor 1: The initial hypothesis of a neurological disorder involving the brainstem or cerebellum, particularly multiple sclerosis (MS) or a demyelinating condition, is well-supported by the symptom pattern. Key features such as diplopia worsening with head movement, upper limb weakness, sensory changes (tingling/burning), and fatigue disproportionate to activity are classic for central nervous system involvement. The absence of trauma, infection, or sudden stroke-like events further reduces likelihood of acute vascular causes.

Doctor 2: I agree with the neurological focus. The worsening of double vision with gaze deviation strongly suggests brainstem or cranial nerve pathology—particularly involving the pons or midbrain, where oculomotor and vestibular nuclei reside. The combination of upper limb weakness and sensory symptoms points to a central lesion, possibly ischemic or demyelinating. While stroke is a concern, the gradual onset and lack of sudden severe headache or loss of consciousness make a vascular event less likely.

Doctor
2026-02-02 21:35:26,097 [MainThread  ] [WARNI]  Server query attempt 1 failed: 404 Client Error: Not Found for url: https://vllm-dev.nahlia.com/v1/chat/completions
2026-02-02 21:35:31,102 [MainThread  ] [ERROR]  Max retries exceeded: Unable to fetch response from server.
2026-02-02 21:35:36,161 [MainThread  ] [WARNI]  Server query attempt 1 failed: 404 Client Error: Not Found for url: https://vllm-dev.nahlia.com/v1/chat/completions
2026-02-02 21:35:41,163 [MainThread  ] [ERROR]  Max retries exceeded: Unable to fetch response from server.
2026-02-02 21:35:46,213 [MainThread  ] [WARNI]  Server query attempt 1 failed: 404 Client Error: Not Found for url: https://vllm-dev.nahlia.com/v1/chat/completions
2026-02-02 21:35:51,218 [MainThread  ] [ERROR]  Max retries exceeded: Unable to fetch response from server.
2026-02-02 21:35:56,225 [MainThread  ] [ERROR]  An error occurred during the simulation.
Traceback (most recent call last):
  File "/Users/jeremypa/Documents/Venture/Nahlia/MedAgentSim/medsim/run.py", line 219, in prep
    is_correct = run_simulation_idx(
  File "/Users/jeremypa/Documents/Venture/Nahlia/MedAgentSim/medsim/run.py", line 426, in run_simulation_idx
    is_correct = run_interaction_loop(
  File "/Users/jeremypa/Documents/Venture/Nahlia/MedAgentSim/medsim/run.py", line 510, in run_interaction_loop
    result = compare_results(
  File "/Users/jeremypa/Documents/Venture/Nahlia/MedAgentSim/medsim/agents.py", line 621, in compare_results
    raise Exception("Failed to compare results after multiple attempts.")
Exception: Failed to compare results after multiple attempts.
2026-02-02 22:02:48,344 [MainThread  ] [ERROR]  Error occurred during run_batch_jobs.
Traceback (most recent call last):
  File "/Users/jeremypa/Documents/Venture/Nahlia/MedAgentSim/MedPromptSimulate/src/promptbase/mmlu/utils.py", line 93, in run_batch_jobs
    result = future.result()
  File "/opt/anaconda3/envs/mgent/lib/python3.10/concurrent/futures/_base.py", line 451, in result
    return self.__get_result()
  File "/opt/anaconda3/envs/mgent/lib/python3.10/concurrent/futures/_base.py", line 403, in __get_result
    raise self._exception
  File "/opt/anaconda3/envs/mgent/lib/python3.10/concurrent/futures/thread.py", line 58, in run
    result = self.fn(*self.args, **self.kwargs)
  File "/Users/jeremypa/Documents/Venture/Nahlia/MedAgentSim/MedPromptSimulate/src/promptbase/mmlu/experiment.py", line 604, in solve
    reflect_phase(options, problem, output, backend)
  File "/Users/jeremypa/Documents/Venture/Nahlia/MedAgentSim/MedPromptSimulate/src/promptbase/mmlu/experiment.py", line 633, in reflect_phase
    Correct Reasoning: {correct_reasoning[problem['correct_answer']]}
KeyError: None
2026-02-02 22:02:53,878 [MainThread  ] [ERROR]  Error occurred during run_batch_jobs.
Traceback (most recent call last):
  File "/Users/jeremypa/Documents/Venture/Nahlia/MedAgentSim/MedPromptSimulate/src/promptbase/mmlu/utils.py", line 93, in run_batch_jobs
    result = future.result()
  File "/opt/anaconda3/envs/mgent/lib/python3.10/concurrent/futures/_base.py", line 451, in result
    return self.__get_result()
  File "/opt/anaconda3/envs/mgent/lib/python3.10/concurrent/futures/_base.py", line 403, in __get_result
    raise self._exception
  File "/opt/anaconda3/envs/mgent/lib/python3.10/concurrent/futures/thread.py", line 58, in run
    result = self.fn(*self.args, **self.kwargs)
  File "/Users/jeremypa/Documents/Venture/Nahlia/MedAgentSim/MedPromptSimulate/src/promptbase/mmlu/experiment.py", line 604, in solve
    reflect_phase(options, problem, output, backend)
  File "/Users/jeremypa/Documents/Venture/Nahlia/MedAgentSim/MedPromptSimulate/src/promptbase/mmlu/experiment.py", line 633, in reflect_phase
    Correct Reasoning: {correct_reasoning[problem['correct_answer']]}
KeyError: None
2026-02-02 22:03:00,177 [MainThread  ] [ERROR]  Error occurred during run_batch_jobs.
Traceback (most recent call last):
  File "/Users/jeremypa/Documents/Venture/Nahlia/MedAgentSim/MedPromptSimulate/src/promptbase/mmlu/utils.py", line 93, in run_batch_jobs
    result = future.result()
  File "/opt/anaconda3/envs/mgent/lib/python3.10/concurrent/futures/_base.py", line 451, in result
    return self.__get_result()
  File "/opt/anaconda3/envs/mgent/lib/python3.10/concurrent/futures/_base.py", line 403, in __get_result
    raise self._exception
  File "/opt/anaconda3/envs/mgent/lib/python3.10/concurrent/futures/thread.py", line 58, in run
    result = self.fn(*self.args, **self.kwargs)
  File "/Users/jeremypa/Documents/Venture/Nahlia/MedAgentSim/MedPromptSimulate/src/promptbase/mmlu/experiment.py", line 604, in solve
    reflect_phase(options, problem, output, backend)
  File "/Users/jeremypa/Documents/Venture/Nahlia/MedAgentSim/MedPromptSimulate/src/promptbase/mmlu/experiment.py", line 633, in reflect_phase
    Correct Reasoning: {correct_reasoning[problem['correct_answer']]}
KeyError: None
2026-02-02 22:03:06,310 [MainThread  ] [ERROR]  Error occurred during run_batch_jobs.
Traceback (most recent call last):
  File "/Users/jeremypa/Documents/Venture/Nahlia/MedAgentSim/MedPromptSimulate/src/promptbase/mmlu/utils.py", line 93, in run_batch_jobs
    result = future.result()
  File "/opt/anaconda3/envs/mgent/lib/python3.10/concurrent/futures/_base.py", line 451, in result
    return self.__get_result()
  File "/opt/anaconda3/envs/mgent/lib/python3.10/concurrent/futures/_base.py", line 403, in __get_result
    raise self._exception
  File "/opt/anaconda3/envs/mgent/lib/python3.10/concurrent/futures/thread.py", line 58, in run
    result = self.fn(*self.args, **self.kwargs)
  File "/Users/jeremypa/Documents/Venture/Nahlia/MedAgentSim/MedPromptSimulate/src/promptbase/mmlu/experiment.py", line 604, in solve
    reflect_phase(options, problem, output, backend)
  File "/Users/jeremypa/Documents/Venture/Nahlia/MedAgentSim/MedPromptSimulate/src/promptbase/mmlu/experiment.py", line 633, in reflect_phase
    Correct Reasoning: {correct_reasoning[problem['correct_answer']]}
KeyError: None
2026-02-02 22:03:12,866 [MainThread  ] [ERROR]  Error occurred during run_batch_jobs.
Traceback (most recent call last):
  File "/Users/jeremypa/Documents/Venture/Nahlia/MedAgentSim/MedPromptSimulate/src/promptbase/mmlu/utils.py", line 93, in run_batch_jobs
    result = future.result()
  File "/opt/anaconda3/envs/mgent/lib/python3.10/concurrent/futures/_base.py", line 451, in result
    return self.__get_result()
  File "/opt/anaconda3/envs/mgent/lib/python3.10/concurrent/futures/_base.py", line 403, in __get_result
    raise self._exception
  File "/opt/anaconda3/envs/mgent/lib/python3.10/concurrent/futures/thread.py", line 58, in run
    result = self.fn(*self.args, **self.kwargs)
  File "/Users/jeremypa/Documents/Venture/Nahlia/MedAgentSim/MedPromptSimulate/src/promptbase/mmlu/experiment.py", line 604, in solve
    reflect_phase(options, problem, output, backend)
  File "/Users/jeremypa/Documents/Venture/Nahlia/MedAgentSim/MedPromptSimulate/src/promptbase/mmlu/experiment.py", line 633, in reflect_phase
    Correct Reasoning: {correct_reasoning[problem['correct_answer']]}
KeyError: None
2026-02-02 22:03:32,876 [MainThread  ] [ERROR]  Error occurred during run_batch_jobs.
Traceback (most recent call last):
  File "/Users/jeremypa/Documents/Venture/Nahlia/MedAgentSim/MedPromptSimulate/src/promptbase/mmlu/utils.py", line 93, in run_batch_jobs
    result = future.result()
  File "/opt/anaconda3/envs/mgent/lib/python3.10/concurrent/futures/_base.py", line 451, in result
    return self.__get_result()
  File "/opt/anaconda3/envs/mgent/lib/python3.10/concurrent/futures/_base.py", line 403, in __get_result
    raise self._exception
  File "/opt/anaconda3/envs/mgent/lib/python3.10/concurrent/futures/thread.py", line 58, in run
    result = self.fn(*self.args, **self.kwargs)
  File "/Users/jeremypa/Documents/Venture/Nahlia/MedAgentSim/MedPromptSimulate/src/promptbase/mmlu/experiment.py", line 604, in solve
    reflect_phase(options, problem, output, backend)
  File "/Users/jeremypa/Documents/Venture/Nahlia/MedAgentSim/MedPromptSimulate/src/promptbase/mmlu/experiment.py", line 633, in reflect_phase
    Correct Reasoning: {correct_reasoning[problem['correct_answer']]}
KeyError: None
2026-02-02 22:03:39,618 [MainThread  ] [ERROR]  Error occurred during run_batch_jobs.
Traceback (most recent call last):
  File "/Users/jeremypa/Documents/Venture/Nahlia/MedAgentSim/MedPromptSimulate/src/promptbase/mmlu/utils.py", line 93, in run_batch_jobs
    result = future.result()
  File "/opt/anaconda3/envs/mgent/lib/python3.10/concurrent/futures/_base.py", line 451, in result
    return self.__get_result()
  File "/opt/anaconda3/envs/mgent/lib/python3.10/concurrent/futures/_base.py", line 403, in __get_result
    raise self._exception
  File "/opt/anaconda3/envs/mgent/lib/python3.10/concurrent/futures/thread.py", line 58, in run
    result = self.fn(*self.args, **self.kwargs)
  File "/Users/jeremypa/Documents/Venture/Nahlia/MedAgentSim/MedPromptSimulate/src/promptbase/mmlu/experiment.py", line 604, in solve
    reflect_phase(options, problem, output, backend)
  File "/Users/jeremypa/Documents/Venture/Nahlia/MedAgentSim/MedPromptSimulate/src/promptbase/mmlu/experiment.py", line 633, in reflect_phase
    Correct Reasoning: {correct_reasoning[problem['correct_answer']]}
KeyError: None
2026-02-02 22:03:46,367 [MainThread  ] [ERROR]  Error occurred during run_batch_jobs.
Traceback (most recent call last):
  File "/Users/jeremypa/Documents/Venture/Nahlia/MedAgentSim/MedPromptSimulate/src/promptbase/mmlu/utils.py", line 93, in run_batch_jobs
    result = future.result()
  File "/opt/anaconda3/envs/mgent/lib/python3.10/concurrent/futures/_base.py", line 451, in result
    return self.__get_result()
  File "/opt/anaconda3/envs/mgent/lib/python3.10/concurrent/futures/_base.py", line 403, in __get_result
    raise self._exception
  File "/opt/anaconda3/envs/mgent/lib/python3.10/concurrent/futures/thread.py", line 58, in run
    result = self.fn(*self.args, **self.kwargs)
  File "/Users/jeremypa/Documents/Venture/Nahlia/MedAgentSim/MedPromptSimulate/src/promptbase/mmlu/experiment.py", line 604, in solve
    reflect_phase(options, problem, output, backend)
  File "/Users/jeremypa/Documents/Venture/Nahlia/MedAgentSim/MedPromptSimulate/src/promptbase/mmlu/experiment.py", line 633, in reflect_phase
    Correct Reasoning: {correct_reasoning[problem['correct_answer']]}
KeyError: None
2026-02-02 22:03:52,821 [MainThread  ] [ERROR]  Error occurred during run_batch_jobs.
Traceback (most recent call last):
  File "/Users/jeremypa/Documents/Venture/Nahlia/MedAgentSim/MedPromptSimulate/src/promptbase/mmlu/utils.py", line 93, in run_batch_jobs
    result = future.result()
  File "/opt/anaconda3/envs/mgent/lib/python3.10/concurrent/futures/_base.py", line 451, in result
    return self.__get_result()
  File "/opt/anaconda3/envs/mgent/lib/python3.10/concurrent/futures/_base.py", line 403, in __get_result
    raise self._exception
  File "/opt/anaconda3/envs/mgent/lib/python3.10/concurrent/futures/thread.py", line 58, in run
    result = self.fn(*self.args, **self.kwargs)
  File "/Users/jeremypa/Documents/Venture/Nahlia/MedAgentSim/MedPromptSimulate/src/promptbase/mmlu/experiment.py", line 604, in solve
    reflect_phase(options, problem, output, backend)
  File "/Users/jeremypa/Documents/Venture/Nahlia/MedAgentSim/MedPromptSimulate/src/promptbase/mmlu/experiment.py", line 633, in reflect_phase
    Correct Reasoning: {correct_reasoning[problem['correct_answer']]}
KeyError: None
2026-02-02 22:03:59,514 [MainThread  ] [INFO ]  Doctor [100%]: Doctor 1: Based on the clinical presentation—persistent feeding difficulties, failure to thrive, abdominal distension that worsens after feeding, vomiting, bloating, and lack of weight gain—the most likely diagnosis is **Hirschsprung disease**.  

Key supporting features include:  
- **Failure to thrive** with poor weight gain despite adequate feeding attempts  
- **Abdominal distension** that is persistent and may not resolve with positioning  
- **Vomiting and regurgitation**, especially after feeding  
- **Bowel movement abnormalities** such as constipation, absence of stool passage, or ribbon-like stools (which may suggest a lack of peristalsis)  
- **Family history** of gastrointestinal disorders (though not explicitly stated, such as Hirschsprung’s, which is autosomal dominant)  
- **Absence of apnea or CNS signs**, which rules out some neuromuscular or central conditions  
- **Imaging requested** (abdominal
2026-02-02 22:03:59,558 [MainThread  ] [WARNI]  Server query attempt 1 failed: 404 Client Error: Not Found for url: https://vllm-dev.nahlia.com/v1/chat/completions
2026-02-02 22:04:04,561 [MainThread  ] [ERROR]  Max retries exceeded: Unable to fetch response from server.
2026-02-02 22:04:09,623 [MainThread  ] [WARNI]  Server query attempt 1 failed: 404 Client Error: Not Found for url: https://vllm-dev.nahlia.com/v1/chat/completions
2026-02-02 22:04:14,626 [MainThread  ] [ERROR]  Max retries exceeded: Unable to fetch response from server.
2026-02-02 22:04:20,689 [MainThread  ] [WARNI]  Server query attempt 1 failed: 404 Client Error: Not Found for url: https://vllm-dev.nahlia.com/v1/chat/completions
2026-02-02 22:04:25,690 [MainThread  ] [ERROR]  Max retries exceeded: Unable to fetch response from server.
2026-02-02 22:04:30,696 [MainThread  ] [ERROR]  An error occurred during the simulation.
Traceback (most recent call last):
  File "/Users/jeremypa/Documents/Venture/Nahlia/MedAgentSim/medsim/run.py", line 219, in prep
    is_correct = run_simulation_idx(
  File "/Users/jeremypa/Documents/Venture/Nahlia/MedAgentSim/medsim/run.py", line 426, in run_simulation_idx
    is_correct = run_interaction_loop(
  File "/Users/jeremypa/Documents/Venture/Nahlia/MedAgentSim/medsim/run.py", line 510, in run_interaction_loop
    result = compare_results(
  File "/Users/jeremypa/Documents/Venture/Nahlia/MedAgentSim/medsim/agents.py", line 621, in compare_results
    raise Exception("Failed to compare results after multiple attempts.")
Exception: Failed to compare results after multiple attempts.
2026-02-02 22:12:46,147 [MainThread  ] [INFO ]  Doctor [100%]: Doctor 1: The initial interpretation correctly identifies the red flags—persistent fatigue, unintentional weight loss, fixed supraclavicular lymphadenopathy, fever, night sweats, and systemic inflammation—as highly suggestive of either a **malignant process** (e.g., metastatic cancer, lymphoma) or a **chronic infectious disease** (e.g., tuberculosis). However, **cholecystitis** is a misdiagnosis in this context. Cholecystitis typically presents with **right upper quadrant pain**, **nausea**, **vomiting**, **fever**, and **elevated liver enzymes**, not with **fixed supraclavicular lymphadenopathy**, **weight loss**, or **chronic fatigue**. These are not typical features of gallbladder disease.

Doctor 2: Agrees—cholecystitis does not explain the presence of a **firm, fixed supraclavicular lymph node**, which is not a feature of gallbladder
2026-02-02 22:12:46,194 [MainThread  ] [WARNI]  Server query attempt 1 failed: 404 Client Error: Not Found for url: https://vllm-dev.nahlia.com/v1/chat/completions
2026-02-02 22:12:51,195 [MainThread  ] [ERROR]  Max retries exceeded: Unable to fetch response from server.
2026-02-02 22:12:56,255 [MainThread  ] [WARNI]  Server query attempt 1 failed: 404 Client Error: Not Found for url: https://vllm-dev.nahlia.com/v1/chat/completions
2026-02-02 22:13:01,260 [MainThread  ] [ERROR]  Max retries exceeded: Unable to fetch response from server.
2026-02-02 22:33:44,366 [MainThread  ] [INFO ]  Doctor [100%]: Doctor 1: The initial hypothesis of a neurological disorder involving the brainstem or cerebellum, particularly multiple sclerosis (MS) or a demyelinating condition, is well-supported by the symptom pattern. Key features such as diplopia worsening with head movement, upper limb weakness, sensory changes (tingling/burning), and fatigue disproportionate to activity are classic for central nervous system involvement. The absence of trauma, infection, or sudden stroke-like events further reduces likelihood of acute vascular causes.

Doctor 2: I agree with the neurological focus. The worsening of double vision with gaze deviation strongly suggests brainstem or cranial nerve pathology—particularly involving the pons or midbrain, where oculomotor and vestibular nuclei reside. The combination of upper limb weakness and sensory symptoms points to a central lesion, possibly ischemic or demyelinating. While stroke is a concern, the gradual onset and lack of sudden severe headache or loss of consciousness make a vascular event less likely.

Doctor
2026-02-02 22:33:44,410 [MainThread  ] [WARNI]  Server query attempt 1 failed: 404 Client Error: Not Found for url: https://vllm-dev.nahlia.com/v1/chat/completions
2026-02-02 22:33:49,415 [MainThread  ] [ERROR]  Max retries exceeded: Unable to fetch response from server.
2026-02-02 22:33:54,476 [MainThread  ] [WARNI]  Server query attempt 1 failed: 404 Client Error: Not Found for url: https://vllm-dev.nahlia.com/v1/chat/completions
2026-02-02 22:33:59,483 [MainThread  ] [ERROR]  Max retries exceeded: Unable to fetch response from server.
2026-02-02 22:34:04,539 [MainThread  ] [WARNI]  Server query attempt 1 failed: 404 Client Error: Not Found for url: https://vllm-dev.nahlia.com/v1/chat/completions
2026-02-02 22:34:09,543 [MainThread  ] [ERROR]  Max retries exceeded: Unable to fetch response from server.
2026-02-02 22:34:14,551 [MainThread  ] [ERROR]  An error occurred during the simulation.
Traceback (most recent call last):
  File "/Users/jeremypa/Documents/Venture/Nahlia/MedAgentSim/medsim/run.py", line 219, in prep
    is_correct = run_simulation_idx(
  File "/Users/jeremypa/Documents/Venture/Nahlia/MedAgentSim/medsim/run.py", line 426, in run_simulation_idx
    is_correct = run_interaction_loop(
  File "/Users/jeremypa/Documents/Venture/Nahlia/MedAgentSim/medsim/run.py", line 510, in run_interaction_loop
    result = compare_results(
  File "/Users/jeremypa/Documents/Venture/Nahlia/MedAgentSim/medsim/agents.py", line 621, in compare_results
    raise Exception("Failed to compare results after multiple attempts.")
Exception: Failed to compare results after multiple attempts.
2026-02-03 10:41:56,601 [MainThread  ] [INFO ]  Doctor [100%]: Doctor 1: The initial hypothesis of a neurological disorder involving the brainstem or cerebellum, particularly multiple sclerosis (MS) or a demyelinating condition, is well-supported by the symptom pattern. Key features such as diplopia worsening with head movement, upper limb weakness, sensory changes (tingling/burning), and fatigue disproportionate to activity are classic for central nervous system involvement. The absence of trauma, infection, or sudden stroke-like events further reduces likelihood of acute vascular causes.

Doctor 2: I agree with the neurological focus. The worsening of double vision with gaze deviation strongly suggests brainstem or cranial nerve pathology—particularly involving the pons or midbrain, where oculomotor and vestibular nuclei reside. The combination of upper limb weakness and sensory symptoms points to a central lesion, possibly ischemic or demyelinating. While stroke is a concern, the gradual onset and lack of sudden severe headache or loss of consciousness make a vascular event less likely.

Doctor
2026-02-03 10:41:56,642 [MainThread  ] [WARNI]  Server query attempt 1 failed: 404 Client Error: Not Found for url: https://vllm-dev.nahlia.com/v1/chat/completions
2026-02-03 10:42:01,647 [MainThread  ] [ERROR]  Max retries exceeded: Unable to fetch response from server.
2026-02-03 10:42:06,703 [MainThread  ] [WARNI]  Server query attempt 1 failed: 404 Client Error: Not Found for url: https://vllm-dev.nahlia.com/v1/chat/completions
2026-02-03 10:42:11,708 [MainThread  ] [ERROR]  Max retries exceeded: Unable to fetch response from server.
2026-02-03 10:42:16,760 [MainThread  ] [WARNI]  Server query attempt 1 failed: 404 Client Error: Not Found for url: https://vllm-dev.nahlia.com/v1/chat/completions
2026-02-03 10:42:21,765 [MainThread  ] [ERROR]  Max retries exceeded: Unable to fetch response from server.
2026-02-03 10:42:26,773 [MainThread  ] [ERROR]  An error occurred during the simulation.
Traceback (most recent call last):
  File "/Users/jeremypa/Documents/Venture/Nahlia/MedAgentSim/medsim/run.py", line 219, in prep
    is_correct = run_simulation_idx(
  File "/Users/jeremypa/Documents/Venture/Nahlia/MedAgentSim/medsim/run.py", line 426, in run_simulation_idx
    is_correct = run_interaction_loop(
  File "/Users/jeremypa/Documents/Venture/Nahlia/MedAgentSim/medsim/run.py", line 510, in run_interaction_loop
    result = compare_results(
  File "/Users/jeremypa/Documents/Venture/Nahlia/MedAgentSim/medsim/agents.py", line 621, in compare_results
    raise Exception("Failed to compare results after multiple attempts.")
Exception: Failed to compare results after multiple attempts.
2026-02-03 11:48:47,652 [MainThread  ] [INFO ]  Doctor [100%]: Doctor 1: Based on the patient’s history and the clinical findings, the knee pain is **localized**, **worse in the morning and after prolonged sitting**, and **improves with movement or activity**—a key feature suggesting an **inflammatory or mechanical origin**. The presence of **mild swelling after activity** (especially after climbing stairs or prolonged standing), **crepitus or grinding sensation**, and **pain that improves with movement** points toward a condition involving joint inflammation or cartilage degeneration.

There is **no fever, chills, redness, warmth, or systemic signs of infection**, which makes **septic arthritis** highly unlikely. The absence of joint warmth and systemic symptoms rules out acute infection. Additionally, the patient denies recent trauma, significant weight loss, or gait instability, which helps exclude severe structural injury or systemic disease like malignancy.

The **worsening with inactivity and improvement with activity** is classic for **osteoarthritis**
2026-02-03 11:48:47,702 [MainThread  ] [WARNI]  Server query attempt 1 failed: 404 Client Error: Not Found for url: https://vllm-dev.nahlia.com/v1/chat/completions
2026-02-03 11:48:52,713 [MainThread  ] [ERROR]  Max retries exceeded: Unable to fetch response from server.
2026-02-03 11:48:57,775 [MainThread  ] [WARNI]  Server query attempt 1 failed: 404 Client Error: Not Found for url: https://vllm-dev.nahlia.com/v1/chat/completions
2026-02-03 11:49:02,784 [MainThread  ] [ERROR]  Max retries exceeded: Unable to fetch response from server.
2026-02-03 11:49:07,837 [MainThread  ] [WARNI]  Server query attempt 1 failed: 404 Client Error: Not Found for url: https://vllm-dev.nahlia.com/v1/chat/completions
2026-02-03 11:49:12,839 [MainThread  ] [ERROR]  Max retries exceeded: Unable to fetch response from server.
2026-02-03 11:49:17,847 [MainThread  ] [ERROR]  An error occurred during the simulation.
Traceback (most recent call last):
  File "/Users/jeremypa/Documents/Venture/Nahlia/MedAgentSim/medsim/run.py", line 219, in prep
    is_correct = run_simulation_idx(
  File "/Users/jeremypa/Documents/Venture/Nahlia/MedAgentSim/medsim/run.py", line 426, in run_simulation_idx
    is_correct = run_interaction_loop(
  File "/Users/jeremypa/Documents/Venture/Nahlia/MedAgentSim/medsim/run.py", line 510, in run_interaction_loop
    result = compare_results(
  File "/Users/jeremypa/Documents/Venture/Nahlia/MedAgentSim/medsim/agents.py", line 621, in compare_results
    raise Exception("Failed to compare results after multiple attempts.")
Exception: Failed to compare results after multiple attempts.
2026-02-03 11:56:36,460 [MainThread  ] [INFO ]  Doctor [100%]: Doctor 1: Based on the comprehensive history and the repeated questions about syncopal episodes, particularly in relation to standing, physical activity, and associated symptoms such as dizziness, lightheadedness, and possible warning signs like visual changes or palpitations, I believe the most likely diagnosis is **orthostatic hypotension**.

Doctor 2: Based on the patient’s history, the key features that stand out are episodes of sudden loss of consciousness, often following a trigger like standing up quickly or physical activity, with no prior warning signs. The patient reports no seizures, no headache, no difficulty speaking, and no memory loss afterward. There is no mention of chest pain, palpitations, or shortness of breath during the episode—though some questions suggest possible postural symptoms like dizziness or lightheadedness. The absence of seizures, trauma, or fever makes a seizure or structural brain pathology less likely. The patient also denies any history of heart disease, arrhythmia
2026-02-03 11:56:36,500 [MainThread  ] [WARNI]  Server query attempt 1 failed: 404 Client Error: Not Found for url: https://vllm-dev.nahlia.com/v1/chat/completions
2026-02-03 11:56:41,505 [MainThread  ] [ERROR]  Max retries exceeded: Unable to fetch response from server.
2026-02-03 11:56:46,564 [MainThread  ] [WARNI]  Server query attempt 1 failed: 404 Client Error: Not Found for url: https://vllm-dev.nahlia.com/v1/chat/completions
2026-02-03 11:56:51,566 [MainThread  ] [ERROR]  Max retries exceeded: Unable to fetch response from server.
2026-02-03 11:56:56,621 [MainThread  ] [WARNI]  Server query attempt 1 failed: 404 Client Error: Not Found for url: https://vllm-dev.nahlia.com/v1/chat/completions
2026-02-03 11:57:01,626 [MainThread  ] [ERROR]  Max retries exceeded: Unable to fetch response from server.
2026-02-03 11:57:06,633 [MainThread  ] [ERROR]  An error occurred during the simulation.
Traceback (most recent call last):
  File "/Users/jeremypa/Documents/Venture/Nahlia/MedAgentSim/medsim/run.py", line 219, in prep
    is_correct = run_simulation_idx(
  File "/Users/jeremypa/Documents/Venture/Nahlia/MedAgentSim/medsim/run.py", line 426, in run_simulation_idx
    is_correct = run_interaction_loop(
  File "/Users/jeremypa/Documents/Venture/Nahlia/MedAgentSim/medsim/run.py", line 510, in run_interaction_loop
    result = compare_results(
  File "/Users/jeremypa/Documents/Venture/Nahlia/MedAgentSim/medsim/agents.py", line 621, in compare_results
    raise Exception("Failed to compare results after multiple attempts.")
Exception: Failed to compare results after multiple attempts.
2026-02-03 13:41:25,208 [MainThread  ] [INFO ]  Doctor [100%]: Doctor 1: The initial hypothesis of a neurological disorder involving the brainstem or cerebellum, particularly multiple sclerosis (MS) or a demyelinating condition, is well-supported by the symptom pattern. Key features such as diplopia worsening with head movement, upper limb weakness, sensory changes (tingling/burning), and fatigue disproportionate to activity are classic for central nervous system involvement. The absence of trauma, infection, or sudden stroke-like events further reduces likelihood of acute vascular causes.

Doctor 2: I agree with the neurological focus. The worsening of double vision with gaze deviation strongly suggests brainstem or cranial nerve pathology—particularly involving the pons or midbrain, where oculomotor and vestibular nuclei reside. The combination of upper limb weakness and sensory symptoms points to a central lesion, possibly ischemic or demyelinating. While stroke is a concern, the gradual onset and lack of sudden severe headache or loss of consciousness make a vascular event less likely.

Doctor
2026-02-03 13:41:25,253 [MainThread  ] [WARNI]  Server query attempt 1 failed: 404 Client Error: Not Found for url: https://vllm-dev.nahlia.com/v1/chat/completions
2026-02-03 13:41:30,258 [MainThread  ] [ERROR]  Max retries exceeded: Unable to fetch response from server.
2026-02-03 13:41:35,313 [MainThread  ] [WARNI]  Server query attempt 1 failed: 404 Client Error: Not Found for url: https://vllm-dev.nahlia.com/v1/chat/completions
2026-02-03 13:41:40,314 [MainThread  ] [ERROR]  Max retries exceeded: Unable to fetch response from server.
2026-02-03 13:41:45,368 [MainThread  ] [WARNI]  Server query attempt 1 failed: 404 Client Error: Not Found for url: https://vllm-dev.nahlia.com/v1/chat/completions
2026-02-03 13:41:50,373 [MainThread  ] [ERROR]  Max retries exceeded: Unable to fetch response from server.
2026-02-03 13:41:55,381 [MainThread  ] [ERROR]  An error occurred during the simulation.
Traceback (most recent call last):
  File "/Users/jeremypa/Documents/Venture/Nahlia/MedAgentSim/medsim/run.py", line 219, in prep
    is_correct = run_simulation_idx(
  File "/Users/jeremypa/Documents/Venture/Nahlia/MedAgentSim/medsim/run.py", line 426, in run_simulation_idx
    is_correct = run_interaction_loop(
  File "/Users/jeremypa/Documents/Venture/Nahlia/MedAgentSim/medsim/run.py", line 510, in run_interaction_loop
    result = compare_results(
  File "/Users/jeremypa/Documents/Venture/Nahlia/MedAgentSim/medsim/agents.py", line 621, in compare_results
    raise Exception("Failed to compare results after multiple attempts.")
Exception: Failed to compare results after multiple attempts.
2026-02-03 14:13:18,616 [MainThread  ] [INFO ]  Doctor [100%]: Doctor 1: The initial interpretation of the symptom profile—sudden onset of double vision, unilateral upper limb weakness, coordination difficulties, gait disturbances, and a severe headache that woke the patient up with nausea and vomiting—strongly points to a **neurological emergency**, not a gastrointestinal condition like cholecystitis. Cholecystitis typically presents with right upper quadrant abdominal pain, fever, nausea, and sometimes vomiting, but **not with neurological symptoms** such as diplopia, motor weakness, or ataxia. The presence of cranial nerve involvement and motor deficits is inconsistent with cholecystitis.

Doctor 2: I agree. The combination of visual disturbances, motor weakness, and headache is classic for a **stroke**, particularly a posterior circulation or cortical stroke. Cholecystitis does not explain any of these neurological findings. There is no mention of abdominal symptoms or elevated inflammatory markers in the history.

Doctor 3: Correct—there is no gastrointestinal or abdominal component
2026-02-03 14:13:18,662 [MainThread  ] [WARNI]  Server query attempt 1 failed: 404 Client Error: Not Found for url: https://vllm-dev.nahlia.com/v1/chat/completions
2026-02-03 14:13:23,665 [MainThread  ] [ERROR]  Max retries exceeded: Unable to fetch response from server.
2026-02-03 14:13:28,725 [MainThread  ] [WARNI]  Server query attempt 1 failed: 404 Client Error: Not Found for url: https://vllm-dev.nahlia.com/v1/chat/completions
2026-02-03 14:13:33,729 [MainThread  ] [ERROR]  Max retries exceeded: Unable to fetch response from server.
2026-02-03 14:13:38,790 [MainThread  ] [WARNI]  Server query attempt 1 failed: 404 Client Error: Not Found for url: https://vllm-dev.nahlia.com/v1/chat/completions
2026-02-03 14:13:43,796 [MainThread  ] [ERROR]  Max retries exceeded: Unable to fetch response from server.
2026-02-03 14:13:48,799 [MainThread  ] [ERROR]  An error occurred during the simulation.
Traceback (most recent call last):
  File "/Users/jeremypa/Documents/Venture/Nahlia/MedAgentSim/medsim/run.py", line 219, in prep
    is_correct = run_simulation_idx(
  File "/Users/jeremypa/Documents/Venture/Nahlia/MedAgentSim/medsim/run.py", line 426, in run_simulation_idx
    is_correct = run_interaction_loop(
  File "/Users/jeremypa/Documents/Venture/Nahlia/MedAgentSim/medsim/run.py", line 510, in run_interaction_loop
    result = compare_results(
  File "/Users/jeremypa/Documents/Venture/Nahlia/MedAgentSim/medsim/agents.py", line 621, in compare_results
    raise Exception("Failed to compare results after multiple attempts.")
Exception: Failed to compare results after multiple attempts.
2026-02-03 14:24:29,195 [MainThread  ] [ERROR]  Error occurred during run_batch_jobs.
Traceback (most recent call last):
  File "/Users/jeremypa/Documents/Venture/Nahlia/MedAgentSim/MedPromptSimulate/src/promptbase/mmlu/utils.py", line 93, in run_batch_jobs
    result = future.result()
  File "/opt/anaconda3/envs/mgent/lib/python3.10/concurrent/futures/_base.py", line 451, in result
    return self.__get_result()
  File "/opt/anaconda3/envs/mgent/lib/python3.10/concurrent/futures/_base.py", line 403, in __get_result
    raise self._exception
  File "/opt/anaconda3/envs/mgent/lib/python3.10/concurrent/futures/thread.py", line 58, in run
    result = self.fn(*self.args, **self.kwargs)
  File "/Users/jeremypa/Documents/Venture/Nahlia/MedAgentSim/MedPromptSimulate/src/promptbase/mmlu/experiment.py", line 604, in solve
    reflect_phase(options, problem, output, backend)
  File "/Users/jeremypa/Documents/Venture/Nahlia/MedAgentSim/MedPromptSimulate/src/promptbase/mmlu/experiment.py", line 633, in reflect_phase
    Correct Reasoning: {correct_reasoning[problem['correct_answer']]}
KeyError: None
2026-02-03 14:24:35,792 [MainThread  ] [ERROR]  Error occurred during run_batch_jobs.
Traceback (most recent call last):
  File "/Users/jeremypa/Documents/Venture/Nahlia/MedAgentSim/MedPromptSimulate/src/promptbase/mmlu/utils.py", line 93, in run_batch_jobs
    result = future.result()
  File "/opt/anaconda3/envs/mgent/lib/python3.10/concurrent/futures/_base.py", line 451, in result
    return self.__get_result()
  File "/opt/anaconda3/envs/mgent/lib/python3.10/concurrent/futures/_base.py", line 403, in __get_result
    raise self._exception
  File "/opt/anaconda3/envs/mgent/lib/python3.10/concurrent/futures/thread.py", line 58, in run
    result = self.fn(*self.args, **self.kwargs)
  File "/Users/jeremypa/Documents/Venture/Nahlia/MedAgentSim/MedPromptSimulate/src/promptbase/mmlu/experiment.py", line 604, in solve
    reflect_phase(options, problem, output, backend)
  File "/Users/jeremypa/Documents/Venture/Nahlia/MedAgentSim/MedPromptSimulate/src/promptbase/mmlu/experiment.py", line 633, in reflect_phase
    Correct Reasoning: {correct_reasoning[problem['correct_answer']]}
KeyError: None
2026-02-03 14:25:22,154 [MainThread  ] [ERROR]  Error occurred during run_batch_jobs.
Traceback (most recent call last):
  File "/Users/jeremypa/Documents/Venture/Nahlia/MedAgentSim/MedPromptSimulate/src/promptbase/mmlu/utils.py", line 93, in run_batch_jobs
    result = future.result()
  File "/opt/anaconda3/envs/mgent/lib/python3.10/concurrent/futures/_base.py", line 451, in result
    return self.__get_result()
  File "/opt/anaconda3/envs/mgent/lib/python3.10/concurrent/futures/_base.py", line 403, in __get_result
    raise self._exception
  File "/opt/anaconda3/envs/mgent/lib/python3.10/concurrent/futures/thread.py", line 58, in run
    result = self.fn(*self.args, **self.kwargs)
  File "/Users/jeremypa/Documents/Venture/Nahlia/MedAgentSim/MedPromptSimulate/src/promptbase/mmlu/experiment.py", line 604, in solve
    reflect_phase(options, problem, output, backend)
  File "/Users/jeremypa/Documents/Venture/Nahlia/MedAgentSim/MedPromptSimulate/src/promptbase/mmlu/experiment.py", line 633, in reflect_phase
    Correct Reasoning: {correct_reasoning[problem['correct_answer']]}
KeyError: None
2026-02-03 14:25:42,295 [MainThread  ] [INFO ]  Doctor [100%]: Doctor 1: The clinical presentation—repeated questioning about feeding difficulties, abdominal distension, infrequent or absent bowel movements (>24 hours), feeding refusal, irritability, and a strong family history of cystic fibrosis (CF) or meconium ileus—points strongly toward a congenital gastrointestinal obstruction. While CF is a possibility, especially given the association with meconium ileus, the specific pattern of symptoms, particularly delayed passage of meconium and functional obstruction, is more consistent with Hirschsprung disease.

Doctor 2: I agree with the emphasis on meconium ileus as a red flag for CF, but in the context of a neonate presenting with abdominal distension, vomiting, and failure to pass stool beyond 24 hours, the most likely diagnosis is Hirschsprung disease. Meconium ileus is a rare form of CF-related obstruction, and while it can present similarly, it is not the most common cause of obstructive
2026-02-03 14:25:42,344 [MainThread  ] [WARNI]  Server query attempt 1 failed: 404 Client Error: Not Found for url: https://vllm-dev.nahlia.com/v1/chat/completions
2026-02-03 14:25:47,347 [MainThread  ] [ERROR]  Max retries exceeded: Unable to fetch response from server.
2026-02-03 14:25:52,408 [MainThread  ] [WARNI]  Server query attempt 1 failed: 404 Client Error: Not Found for url: https://vllm-dev.nahlia.com/v1/chat/completions
2026-02-03 14:25:57,413 [MainThread  ] [ERROR]  Max retries exceeded: Unable to fetch response from server.
2026-02-03 14:26:02,467 [MainThread  ] [WARNI]  Server query attempt 1 failed: 404 Client Error: Not Found for url: https://vllm-dev.nahlia.com/v1/chat/completions
2026-02-03 14:26:07,471 [MainThread  ] [ERROR]  Max retries exceeded: Unable to fetch response from server.
2026-02-03 14:26:12,478 [MainThread  ] [ERROR]  An error occurred during the simulation.
Traceback (most recent call last):
  File "/Users/jeremypa/Documents/Venture/Nahlia/MedAgentSim/medsim/run.py", line 219, in prep
    is_correct = run_simulation_idx(
  File "/Users/jeremypa/Documents/Venture/Nahlia/MedAgentSim/medsim/run.py", line 426, in run_simulation_idx
    is_correct = run_interaction_loop(
  File "/Users/jeremypa/Documents/Venture/Nahlia/MedAgentSim/medsim/run.py", line 510, in run_interaction_loop
    result = compare_results(
  File "/Users/jeremypa/Documents/Venture/Nahlia/MedAgentSim/medsim/agents.py", line 621, in compare_results
    raise Exception("Failed to compare results after multiple attempts.")
Exception: Failed to compare results after multiple attempts.
2026-02-03 21:34:00,704 [MainThread  ] [ERROR]  Error occurred during run_batch_jobs.
Traceback (most recent call last):
  File "/Users/jeremypa/Documents/Venture/Nahlia/MedAgentSim/MedPromptSimulate/src/promptbase/mmlu/utils.py", line 93, in run_batch_jobs
    result = future.result()
  File "/opt/anaconda3/envs/mgent/lib/python3.10/concurrent/futures/_base.py", line 451, in result
    return self.__get_result()
  File "/opt/anaconda3/envs/mgent/lib/python3.10/concurrent/futures/_base.py", line 403, in __get_result
    raise self._exception
  File "/opt/anaconda3/envs/mgent/lib/python3.10/concurrent/futures/thread.py", line 58, in run
    result = self.fn(*self.args, **self.kwargs)
  File "/Users/jeremypa/Documents/Venture/Nahlia/MedAgentSim/MedPromptSimulate/src/promptbase/mmlu/experiment.py", line 604, in solve
    reflect_phase(options, problem, output, backend)
  File "/Users/jeremypa/Documents/Venture/Nahlia/MedAgentSim/MedPromptSimulate/src/promptbase/mmlu/experiment.py", line 633, in reflect_phase
    Correct Reasoning: {correct_reasoning[problem['correct_answer']]}
KeyError: None
2026-02-03 21:34:04,034 [MainThread  ] [ERROR]  Error occurred during run_batch_jobs.
Traceback (most recent call last):
  File "/Users/jeremypa/Documents/Venture/Nahlia/MedAgentSim/MedPromptSimulate/src/promptbase/mmlu/utils.py", line 93, in run_batch_jobs
    result = future.result()
  File "/opt/anaconda3/envs/mgent/lib/python3.10/concurrent/futures/_base.py", line 451, in result
    return self.__get_result()
  File "/opt/anaconda3/envs/mgent/lib/python3.10/concurrent/futures/_base.py", line 403, in __get_result
    raise self._exception
  File "/opt/anaconda3/envs/mgent/lib/python3.10/concurrent/futures/thread.py", line 58, in run
    result = self.fn(*self.args, **self.kwargs)
  File "/Users/jeremypa/Documents/Venture/Nahlia/MedAgentSim/MedPromptSimulate/src/promptbase/mmlu/experiment.py", line 604, in solve
    reflect_phase(options, problem, output, backend)
  File "/Users/jeremypa/Documents/Venture/Nahlia/MedAgentSim/MedPromptSimulate/src/promptbase/mmlu/experiment.py", line 633, in reflect_phase
    Correct Reasoning: {correct_reasoning[problem['correct_answer']]}
KeyError: None
2026-02-03 21:34:13,744 [MainThread  ] [ERROR]  Error occurred during run_batch_jobs.
Traceback (most recent call last):
  File "/Users/jeremypa/Documents/Venture/Nahlia/MedAgentSim/MedPromptSimulate/src/promptbase/mmlu/utils.py", line 93, in run_batch_jobs
    result = future.result()
  File "/opt/anaconda3/envs/mgent/lib/python3.10/concurrent/futures/_base.py", line 451, in result
    return self.__get_result()
  File "/opt/anaconda3/envs/mgent/lib/python3.10/concurrent/futures/_base.py", line 403, in __get_result
    raise self._exception
  File "/opt/anaconda3/envs/mgent/lib/python3.10/concurrent/futures/thread.py", line 58, in run
    result = self.fn(*self.args, **self.kwargs)
  File "/Users/jeremypa/Documents/Venture/Nahlia/MedAgentSim/MedPromptSimulate/src/promptbase/mmlu/experiment.py", line 604, in solve
    reflect_phase(options, problem, output, backend)
  File "/Users/jeremypa/Documents/Venture/Nahlia/MedAgentSim/MedPromptSimulate/src/promptbase/mmlu/experiment.py", line 633, in reflect_phase
    Correct Reasoning: {correct_reasoning[problem['correct_answer']]}
KeyError: None
2026-02-03 21:34:17,115 [MainThread  ] [ERROR]  Error occurred during run_batch_jobs.
Traceback (most recent call last):
  File "/Users/jeremypa/Documents/Venture/Nahlia/MedAgentSim/MedPromptSimulate/src/promptbase/mmlu/utils.py", line 93, in run_batch_jobs
    result = future.result()
  File "/opt/anaconda3/envs/mgent/lib/python3.10/concurrent/futures/_base.py", line 451, in result
    return self.__get_result()
  File "/opt/anaconda3/envs/mgent/lib/python3.10/concurrent/futures/_base.py", line 403, in __get_result
    raise self._exception
  File "/opt/anaconda3/envs/mgent/lib/python3.10/concurrent/futures/thread.py", line 58, in run
    result = self.fn(*self.args, **self.kwargs)
  File "/Users/jeremypa/Documents/Venture/Nahlia/MedAgentSim/MedPromptSimulate/src/promptbase/mmlu/experiment.py", line 604, in solve
    reflect_phase(options, problem, output, backend)
  File "/Users/jeremypa/Documents/Venture/Nahlia/MedAgentSim/MedPromptSimulate/src/promptbase/mmlu/experiment.py", line 633, in reflect_phase
    Correct Reasoning: {correct_reasoning[problem['correct_answer']]}
KeyError: None
2026-02-03 21:34:39,483 [MainThread  ] [ERROR]  Error occurred during run_batch_jobs.
Traceback (most recent call last):
  File "/Users/jeremypa/Documents/Venture/Nahlia/MedAgentSim/MedPromptSimulate/src/promptbase/mmlu/utils.py", line 93, in run_batch_jobs
    result = future.result()
  File "/opt/anaconda3/envs/mgent/lib/python3.10/concurrent/futures/_base.py", line 451, in result
    return self.__get_result()
  File "/opt/anaconda3/envs/mgent/lib/python3.10/concurrent/futures/_base.py", line 403, in __get_result
    raise self._exception
  File "/opt/anaconda3/envs/mgent/lib/python3.10/concurrent/futures/thread.py", line 58, in run
    result = self.fn(*self.args, **self.kwargs)
  File "/Users/jeremypa/Documents/Venture/Nahlia/MedAgentSim/MedPromptSimulate/src/promptbase/mmlu/experiment.py", line 604, in solve
    reflect_phase(options, problem, output, backend)
  File "/Users/jeremypa/Documents/Venture/Nahlia/MedAgentSim/MedPromptSimulate/src/promptbase/mmlu/experiment.py", line 633, in reflect_phase
    Correct Reasoning: {correct_reasoning[problem['correct_answer']]}
KeyError: None
2026-02-03 21:34:44,515 [MainThread  ] [ERROR]  Error occurred during run_batch_jobs.
Traceback (most recent call last):
  File "/Users/jeremypa/Documents/Venture/Nahlia/MedAgentSim/MedPromptSimulate/src/promptbase/mmlu/utils.py", line 93, in run_batch_jobs
    result = future.result()
  File "/opt/anaconda3/envs/mgent/lib/python3.10/concurrent/futures/_base.py", line 451, in result
    return self.__get_result()
  File "/opt/anaconda3/envs/mgent/lib/python3.10/concurrent/futures/_base.py", line 403, in __get_result
    raise self._exception
  File "/opt/anaconda3/envs/mgent/lib/python3.10/concurrent/futures/thread.py", line 58, in run
    result = self.fn(*self.args, **self.kwargs)
  File "/Users/jeremypa/Documents/Venture/Nahlia/MedAgentSim/MedPromptSimulate/src/promptbase/mmlu/experiment.py", line 604, in solve
    reflect_phase(options, problem, output, backend)
  File "/Users/jeremypa/Documents/Venture/Nahlia/MedAgentSim/MedPromptSimulate/src/promptbase/mmlu/experiment.py", line 633, in reflect_phase
    Correct Reasoning: {correct_reasoning[problem['correct_answer']]}
KeyError: None
2026-02-03 21:34:49,040 [MainThread  ] [ERROR]  Error occurred during run_batch_jobs.
Traceback (most recent call last):
  File "/Users/jeremypa/Documents/Venture/Nahlia/MedAgentSim/MedPromptSimulate/src/promptbase/mmlu/utils.py", line 93, in run_batch_jobs
    result = future.result()
  File "/opt/anaconda3/envs/mgent/lib/python3.10/concurrent/futures/_base.py", line 451, in result
    return self.__get_result()
  File "/opt/anaconda3/envs/mgent/lib/python3.10/concurrent/futures/_base.py", line 403, in __get_result
    raise self._exception
  File "/opt/anaconda3/envs/mgent/lib/python3.10/concurrent/futures/thread.py", line 58, in run
    result = self.fn(*self.args, **self.kwargs)
  File "/Users/jeremypa/Documents/Venture/Nahlia/MedAgentSim/MedPromptSimulate/src/promptbase/mmlu/experiment.py", line 604, in solve
    reflect_phase(options, problem, output, backend)
  File "/Users/jeremypa/Documents/Venture/Nahlia/MedAgentSim/MedPromptSimulate/src/promptbase/mmlu/experiment.py", line 633, in reflect_phase
    Correct Reasoning: {correct_reasoning[problem['correct_answer']]}
KeyError: None
2026-02-03 21:34:53,619 [MainThread  ] [ERROR]  Error occurred during run_batch_jobs.
Traceback (most recent call last):
  File "/Users/jeremypa/Documents/Venture/Nahlia/MedAgentSim/MedPromptSimulate/src/promptbase/mmlu/utils.py", line 93, in run_batch_jobs
    result = future.result()
  File "/opt/anaconda3/envs/mgent/lib/python3.10/concurrent/futures/_base.py", line 451, in result
    return self.__get_result()
  File "/opt/anaconda3/envs/mgent/lib/python3.10/concurrent/futures/_base.py", line 403, in __get_result
    raise self._exception
  File "/opt/anaconda3/envs/mgent/lib/python3.10/concurrent/futures/thread.py", line 58, in run
    result = self.fn(*self.args, **self.kwargs)
  File "/Users/jeremypa/Documents/Venture/Nahlia/MedAgentSim/MedPromptSimulate/src/promptbase/mmlu/experiment.py", line 604, in solve
    reflect_phase(options, problem, output, backend)
  File "/Users/jeremypa/Documents/Venture/Nahlia/MedAgentSim/MedPromptSimulate/src/promptbase/mmlu/experiment.py", line 633, in reflect_phase
    Correct Reasoning: {correct_reasoning[problem['correct_answer']]}
KeyError: None
2026-02-03 21:34:58,240 [MainThread  ] [ERROR]  Error occurred during run_batch_jobs.
Traceback (most recent call last):
  File "/Users/jeremypa/Documents/Venture/Nahlia/MedAgentSim/MedPromptSimulate/src/promptbase/mmlu/utils.py", line 93, in run_batch_jobs
    result = future.result()
  File "/opt/anaconda3/envs/mgent/lib/python3.10/concurrent/futures/_base.py", line 451, in result
    return self.__get_result()
  File "/opt/anaconda3/envs/mgent/lib/python3.10/concurrent/futures/_base.py", line 403, in __get_result
    raise self._exception
  File "/opt/anaconda3/envs/mgent/lib/python3.10/concurrent/futures/thread.py", line 58, in run
    result = self.fn(*self.args, **self.kwargs)
  File "/Users/jeremypa/Documents/Venture/Nahlia/MedAgentSim/MedPromptSimulate/src/promptbase/mmlu/experiment.py", line 604, in solve
    reflect_phase(options, problem, output, backend)
  File "/Users/jeremypa/Documents/Venture/Nahlia/MedAgentSim/MedPromptSimulate/src/promptbase/mmlu/experiment.py", line 633, in reflect_phase
    Correct Reasoning: {correct_reasoning[problem['correct_answer']]}
KeyError: None
2026-02-03 21:35:00,907 [MainThread  ] [INFO ]  Doctor [100%]: DIAGNOSIS READY: Lactose Intolerance
2026-02-03 21:35:01,392 [MainThread  ] [INFO ]  
Correct answer: Hirschsprung disease
2026-02-03 21:35:01,392 [MainThread  ] [INFO ]  Scene 2, The diagnosis was INCORRECT (0.00%)
2026-02-03 21:35:01,397 [MainThread  ] [INFO ]  Dialogue history saved for scenario 2 at /Users/jeremypa/Documents/Venture/Nahlia/MedAgentSim/output/scenario_2/dialogue_history.json.
2026-02-03 21:35:01,397 [MainThread  ] [INFO ]  Simulation completed.
2026-02-03 21:41:59,325 [MainThread  ] [ERROR]  Error occurred during run_batch_jobs.
Traceback (most recent call last):
  File "/Users/jeremypa/Documents/Venture/Nahlia/MedAgentSim/MedPromptSimulate/src/promptbase/mmlu/utils.py", line 93, in run_batch_jobs
    result = future.result()
  File "/opt/anaconda3/envs/mgent/lib/python3.10/concurrent/futures/_base.py", line 451, in result
    return self.__get_result()
  File "/opt/anaconda3/envs/mgent/lib/python3.10/concurrent/futures/_base.py", line 403, in __get_result
    raise self._exception
  File "/opt/anaconda3/envs/mgent/lib/python3.10/concurrent/futures/thread.py", line 58, in run
    result = self.fn(*self.args, **self.kwargs)
  File "/Users/jeremypa/Documents/Venture/Nahlia/MedAgentSim/MedPromptSimulate/src/promptbase/mmlu/experiment.py", line 604, in solve
    reflect_phase(options, problem, output, backend)
  File "/Users/jeremypa/Documents/Venture/Nahlia/MedAgentSim/MedPromptSimulate/src/promptbase/mmlu/experiment.py", line 633, in reflect_phase
    Correct Reasoning: {correct_reasoning[problem['correct_answer']]}
KeyError: None
2026-02-03 21:42:05,583 [MainThread  ] [ERROR]  Error occurred during run_batch_jobs.
Traceback (most recent call last):
  File "/Users/jeremypa/Documents/Venture/Nahlia/MedAgentSim/MedPromptSimulate/src/promptbase/mmlu/utils.py", line 93, in run_batch_jobs
    result = future.result()
  File "/opt/anaconda3/envs/mgent/lib/python3.10/concurrent/futures/_base.py", line 451, in result
    return self.__get_result()
  File "/opt/anaconda3/envs/mgent/lib/python3.10/concurrent/futures/_base.py", line 403, in __get_result
    raise self._exception
  File "/opt/anaconda3/envs/mgent/lib/python3.10/concurrent/futures/thread.py", line 58, in run
    result = self.fn(*self.args, **self.kwargs)
  File "/Users/jeremypa/Documents/Venture/Nahlia/MedAgentSim/MedPromptSimulate/src/promptbase/mmlu/experiment.py", line 604, in solve
    reflect_phase(options, problem, output, backend)
  File "/Users/jeremypa/Documents/Venture/Nahlia/MedAgentSim/MedPromptSimulate/src/promptbase/mmlu/experiment.py", line 633, in reflect_phase
    Correct Reasoning: {correct_reasoning[problem['correct_answer']]}
KeyError: None
2026-02-03 21:42:11,454 [MainThread  ] [ERROR]  Error occurred during run_batch_jobs.
Traceback (most recent call last):
  File "/Users/jeremypa/Documents/Venture/Nahlia/MedAgentSim/MedPromptSimulate/src/promptbase/mmlu/utils.py", line 93, in run_batch_jobs
    result = future.result()
  File "/opt/anaconda3/envs/mgent/lib/python3.10/concurrent/futures/_base.py", line 451, in result
    return self.__get_result()
  File "/opt/anaconda3/envs/mgent/lib/python3.10/concurrent/futures/_base.py", line 403, in __get_result
    raise self._exception
  File "/opt/anaconda3/envs/mgent/lib/python3.10/concurrent/futures/thread.py", line 58, in run
    result = self.fn(*self.args, **self.kwargs)
  File "/Users/jeremypa/Documents/Venture/Nahlia/MedAgentSim/MedPromptSimulate/src/promptbase/mmlu/experiment.py", line 604, in solve
    reflect_phase(options, problem, output, backend)
  File "/Users/jeremypa/Documents/Venture/Nahlia/MedAgentSim/MedPromptSimulate/src/promptbase/mmlu/experiment.py", line 633, in reflect_phase
    Correct Reasoning: {correct_reasoning[problem['correct_answer']]}
KeyError: None
2026-02-03 21:42:17,011 [MainThread  ] [ERROR]  Error occurred during run_batch_jobs.
Traceback (most recent call last):
  File "/Users/jeremypa/Documents/Venture/Nahlia/MedAgentSim/MedPromptSimulate/src/promptbase/mmlu/utils.py", line 93, in run_batch_jobs
    result = future.result()
  File "/opt/anaconda3/envs/mgent/lib/python3.10/concurrent/futures/_base.py", line 451, in result
    return self.__get_result()
  File "/opt/anaconda3/envs/mgent/lib/python3.10/concurrent/futures/_base.py", line 403, in __get_result
    raise self._exception
  File "/opt/anaconda3/envs/mgent/lib/python3.10/concurrent/futures/thread.py", line 58, in run
    result = self.fn(*self.args, **self.kwargs)
  File "/Users/jeremypa/Documents/Venture/Nahlia/MedAgentSim/MedPromptSimulate/src/promptbase/mmlu/experiment.py", line 604, in solve
    reflect_phase(options, problem, output, backend)
  File "/Users/jeremypa/Documents/Venture/Nahlia/MedAgentSim/MedPromptSimulate/src/promptbase/mmlu/experiment.py", line 633, in reflect_phase
    Correct Reasoning: {correct_reasoning[problem['correct_answer']]}
KeyError: None
2026-02-03 21:42:22,678 [MainThread  ] [ERROR]  Error occurred during run_batch_jobs.
Traceback (most recent call last):
  File "/Users/jeremypa/Documents/Venture/Nahlia/MedAgentSim/MedPromptSimulate/src/promptbase/mmlu/utils.py", line 93, in run_batch_jobs
    result = future.result()
  File "/opt/anaconda3/envs/mgent/lib/python3.10/concurrent/futures/_base.py", line 451, in result
    return self.__get_result()
  File "/opt/anaconda3/envs/mgent/lib/python3.10/concurrent/futures/_base.py", line 403, in __get_result
    raise self._exception
  File "/opt/anaconda3/envs/mgent/lib/python3.10/concurrent/futures/thread.py", line 58, in run
    result = self.fn(*self.args, **self.kwargs)
  File "/Users/jeremypa/Documents/Venture/Nahlia/MedAgentSim/MedPromptSimulate/src/promptbase/mmlu/experiment.py", line 604, in solve
    reflect_phase(options, problem, output, backend)
  File "/Users/jeremypa/Documents/Venture/Nahlia/MedAgentSim/MedPromptSimulate/src/promptbase/mmlu/experiment.py", line 633, in reflect_phase
    Correct Reasoning: {correct_reasoning[problem['correct_answer']]}
KeyError: None
2026-02-03 21:42:34,399 [MainThread  ] [ERROR]  Error occurred during run_batch_jobs.
Traceback (most recent call last):
  File "/Users/jeremypa/Documents/Venture/Nahlia/MedAgentSim/MedPromptSimulate/src/promptbase/mmlu/utils.py", line 93, in run_batch_jobs
    result = future.result()
  File "/opt/anaconda3/envs/mgent/lib/python3.10/concurrent/futures/_base.py", line 451, in result
    return self.__get_result()
  File "/opt/anaconda3/envs/mgent/lib/python3.10/concurrent/futures/_base.py", line 403, in __get_result
    raise self._exception
  File "/opt/anaconda3/envs/mgent/lib/python3.10/concurrent/futures/thread.py", line 58, in run
    result = self.fn(*self.args, **self.kwargs)
  File "/Users/jeremypa/Documents/Venture/Nahlia/MedAgentSim/MedPromptSimulate/src/promptbase/mmlu/experiment.py", line 604, in solve
    reflect_phase(options, problem, output, backend)
  File "/Users/jeremypa/Documents/Venture/Nahlia/MedAgentSim/MedPromptSimulate/src/promptbase/mmlu/experiment.py", line 633, in reflect_phase
    Correct Reasoning: {correct_reasoning[problem['correct_answer']]}
KeyError: None
2026-02-03 21:42:40,074 [MainThread  ] [ERROR]  Error occurred during run_batch_jobs.
Traceback (most recent call last):
  File "/Users/jeremypa/Documents/Venture/Nahlia/MedAgentSim/MedPromptSimulate/src/promptbase/mmlu/utils.py", line 93, in run_batch_jobs
    result = future.result()
  File "/opt/anaconda3/envs/mgent/lib/python3.10/concurrent/futures/_base.py", line 451, in result
    return self.__get_result()
  File "/opt/anaconda3/envs/mgent/lib/python3.10/concurrent/futures/_base.py", line 403, in __get_result
    raise self._exception
  File "/opt/anaconda3/envs/mgent/lib/python3.10/concurrent/futures/thread.py", line 58, in run
    result = self.fn(*self.args, **self.kwargs)
  File "/Users/jeremypa/Documents/Venture/Nahlia/MedAgentSim/MedPromptSimulate/src/promptbase/mmlu/experiment.py", line 604, in solve
    reflect_phase(options, problem, output, backend)
  File "/Users/jeremypa/Documents/Venture/Nahlia/MedAgentSim/MedPromptSimulate/src/promptbase/mmlu/experiment.py", line 633, in reflect_phase
    Correct Reasoning: {correct_reasoning[problem['correct_answer']]}
KeyError: None
2026-02-03 21:42:47,576 [MainThread  ] [ERROR]  Error occurred during run_batch_jobs.
Traceback (most recent call last):
  File "/Users/jeremypa/Documents/Venture/Nahlia/MedAgentSim/MedPromptSimulate/src/promptbase/mmlu/utils.py", line 93, in run_batch_jobs
    result = future.result()
  File "/opt/anaconda3/envs/mgent/lib/python3.10/concurrent/futures/_base.py", line 451, in result
    return self.__get_result()
  File "/opt/anaconda3/envs/mgent/lib/python3.10/concurrent/futures/_base.py", line 403, in __get_result
    raise self._exception
  File "/opt/anaconda3/envs/mgent/lib/python3.10/concurrent/futures/thread.py", line 58, in run
    result = self.fn(*self.args, **self.kwargs)
  File "/Users/jeremypa/Documents/Venture/Nahlia/MedAgentSim/MedPromptSimulate/src/promptbase/mmlu/experiment.py", line 604, in solve
    reflect_phase(options, problem, output, backend)
  File "/Users/jeremypa/Documents/Venture/Nahlia/MedAgentSim/MedPromptSimulate/src/promptbase/mmlu/experiment.py", line 633, in reflect_phase
    Correct Reasoning: {correct_reasoning[problem['correct_answer']]}
KeyError: None
2026-02-03 21:42:56,452 [MainThread  ] [ERROR]  Error occurred during run_batch_jobs.
Traceback (most recent call last):
  File "/Users/jeremypa/Documents/Venture/Nahlia/MedAgentSim/MedPromptSimulate/src/promptbase/mmlu/utils.py", line 93, in run_batch_jobs
    result = future.result()
  File "/opt/anaconda3/envs/mgent/lib/python3.10/concurrent/futures/_base.py", line 451, in result
    return self.__get_result()
  File "/opt/anaconda3/envs/mgent/lib/python3.10/concurrent/futures/_base.py", line 403, in __get_result
    raise self._exception
  File "/opt/anaconda3/envs/mgent/lib/python3.10/concurrent/futures/thread.py", line 58, in run
    result = self.fn(*self.args, **self.kwargs)
  File "/Users/jeremypa/Documents/Venture/Nahlia/MedAgentSim/MedPromptSimulate/src/promptbase/mmlu/experiment.py", line 604, in solve
    reflect_phase(options, problem, output, backend)
  File "/Users/jeremypa/Documents/Venture/Nahlia/MedAgentSim/MedPromptSimulate/src/promptbase/mmlu/experiment.py", line 633, in reflect_phase
    Correct Reasoning: {correct_reasoning[problem['correct_answer']]}
KeyError: None
2026-02-03 21:43:06,511 [MainThread  ] [INFO ]  Doctor [100%]: DIAGNOSIS READY: The final consensus based on the majority vote is lymphoma, considering the systemic symptoms such as fatigue, abdominal pain, night sweats, weight loss, and an enlarged supraclavicular lymph node align well with these conditions.
2026-02-03 21:43:07,051 [MainThread  ] [INFO ]  
Correct answer: Diffuse large B-cell lymphoma
2026-02-03 21:43:07,051 [MainThread  ] [INFO ]  Scene 3, The diagnosis was CORRECT (25.00%)
2026-02-03 21:43:07,052 [MainThread  ] [INFO ]  Dialogue history saved for scenario 3 at /Users/jeremypa/Documents/Venture/Nahlia/MedAgentSim/output/scenario_3/dialogue_history.json.
2026-02-03 21:43:07,052 [MainThread  ] [INFO ]  Simulation completed.
2026-02-03 21:51:41,053 [MainThread  ] [ERROR]  Error occurred during run_batch_jobs.
Traceback (most recent call last):
  File "/Users/jeremypa/Documents/Venture/Nahlia/MedAgentSim/MedPromptSimulate/src/promptbase/mmlu/utils.py", line 93, in run_batch_jobs
    result = future.result()
  File "/opt/anaconda3/envs/mgent/lib/python3.10/concurrent/futures/_base.py", line 451, in result
    return self.__get_result()
  File "/opt/anaconda3/envs/mgent/lib/python3.10/concurrent/futures/_base.py", line 403, in __get_result
    raise self._exception
  File "/opt/anaconda3/envs/mgent/lib/python3.10/concurrent/futures/thread.py", line 58, in run
    result = self.fn(*self.args, **self.kwargs)
  File "/Users/jeremypa/Documents/Venture/Nahlia/MedAgentSim/MedPromptSimulate/src/promptbase/mmlu/experiment.py", line 604, in solve
    reflect_phase(options, problem, output, backend)
  File "/Users/jeremypa/Documents/Venture/Nahlia/MedAgentSim/MedPromptSimulate/src/promptbase/mmlu/experiment.py", line 633, in reflect_phase
    Correct Reasoning: {correct_reasoning[problem['correct_answer']]}
KeyError: None
2026-02-03 21:51:45,470 [MainThread  ] [ERROR]  Error occurred during run_batch_jobs.
Traceback (most recent call last):
  File "/Users/jeremypa/Documents/Venture/Nahlia/MedAgentSim/MedPromptSimulate/src/promptbase/mmlu/utils.py", line 93, in run_batch_jobs
    result = future.result()
  File "/opt/anaconda3/envs/mgent/lib/python3.10/concurrent/futures/_base.py", line 451, in result
    return self.__get_result()
  File "/opt/anaconda3/envs/mgent/lib/python3.10/concurrent/futures/_base.py", line 403, in __get_result
    raise self._exception
  File "/opt/anaconda3/envs/mgent/lib/python3.10/concurrent/futures/thread.py", line 58, in run
    result = self.fn(*self.args, **self.kwargs)
  File "/Users/jeremypa/Documents/Venture/Nahlia/MedAgentSim/MedPromptSimulate/src/promptbase/mmlu/experiment.py", line 604, in solve
    reflect_phase(options, problem, output, backend)
  File "/Users/jeremypa/Documents/Venture/Nahlia/MedAgentSim/MedPromptSimulate/src/promptbase/mmlu/experiment.py", line 633, in reflect_phase
    Correct Reasoning: {correct_reasoning[problem['correct_answer']]}
KeyError: None
2026-02-03 21:51:49,194 [MainThread  ] [ERROR]  Error occurred during run_batch_jobs.
Traceback (most recent call last):
  File "/Users/jeremypa/Documents/Venture/Nahlia/MedAgentSim/MedPromptSimulate/src/promptbase/mmlu/utils.py", line 93, in run_batch_jobs
    result = future.result()
  File "/opt/anaconda3/envs/mgent/lib/python3.10/concurrent/futures/_base.py", line 451, in result
    return self.__get_result()
  File "/opt/anaconda3/envs/mgent/lib/python3.10/concurrent/futures/_base.py", line 403, in __get_result
    raise self._exception
  File "/opt/anaconda3/envs/mgent/lib/python3.10/concurrent/futures/thread.py", line 58, in run
    result = self.fn(*self.args, **self.kwargs)
  File "/Users/jeremypa/Documents/Venture/Nahlia/MedAgentSim/MedPromptSimulate/src/promptbase/mmlu/experiment.py", line 604, in solve
    reflect_phase(options, problem, output, backend)
  File "/Users/jeremypa/Documents/Venture/Nahlia/MedAgentSim/MedPromptSimulate/src/promptbase/mmlu/experiment.py", line 633, in reflect_phase
    Correct Reasoning: {correct_reasoning[problem['correct_answer']]}
KeyError: None
2026-02-03 21:52:00,129 [MainThread  ] [ERROR]  Error occurred during run_batch_jobs.
Traceback (most recent call last):
  File "/Users/jeremypa/Documents/Venture/Nahlia/MedAgentSim/MedPromptSimulate/src/promptbase/mmlu/utils.py", line 93, in run_batch_jobs
    result = future.result()
  File "/opt/anaconda3/envs/mgent/lib/python3.10/concurrent/futures/_base.py", line 451, in result
    return self.__get_result()
  File "/opt/anaconda3/envs/mgent/lib/python3.10/concurrent/futures/_base.py", line 403, in __get_result
    raise self._exception
  File "/opt/anaconda3/envs/mgent/lib/python3.10/concurrent/futures/thread.py", line 58, in run
    result = self.fn(*self.args, **self.kwargs)
  File "/Users/jeremypa/Documents/Venture/Nahlia/MedAgentSim/MedPromptSimulate/src/promptbase/mmlu/experiment.py", line 604, in solve
    reflect_phase(options, problem, output, backend)
  File "/Users/jeremypa/Documents/Venture/Nahlia/MedAgentSim/MedPromptSimulate/src/promptbase/mmlu/experiment.py", line 633, in reflect_phase
    Correct Reasoning: {correct_reasoning[problem['correct_answer']]}
KeyError: None
2026-02-03 21:52:05,289 [MainThread  ] [ERROR]  Error occurred during run_batch_jobs.
Traceback (most recent call last):
  File "/Users/jeremypa/Documents/Venture/Nahlia/MedAgentSim/MedPromptSimulate/src/promptbase/mmlu/utils.py", line 93, in run_batch_jobs
    result = future.result()
  File "/opt/anaconda3/envs/mgent/lib/python3.10/concurrent/futures/_base.py", line 451, in result
    return self.__get_result()
  File "/opt/anaconda3/envs/mgent/lib/python3.10/concurrent/futures/_base.py", line 403, in __get_result
    raise self._exception
  File "/opt/anaconda3/envs/mgent/lib/python3.10/concurrent/futures/thread.py", line 58, in run
    result = self.fn(*self.args, **self.kwargs)
  File "/Users/jeremypa/Documents/Venture/Nahlia/MedAgentSim/MedPromptSimulate/src/promptbase/mmlu/experiment.py", line 604, in solve
    reflect_phase(options, problem, output, backend)
  File "/Users/jeremypa/Documents/Venture/Nahlia/MedAgentSim/MedPromptSimulate/src/promptbase/mmlu/experiment.py", line 633, in reflect_phase
    Correct Reasoning: {correct_reasoning[problem['correct_answer']]}
KeyError: None
2026-02-03 21:52:08,801 [MainThread  ] [ERROR]  Error occurred during run_batch_jobs.
Traceback (most recent call last):
  File "/Users/jeremypa/Documents/Venture/Nahlia/MedAgentSim/MedPromptSimulate/src/promptbase/mmlu/utils.py", line 93, in run_batch_jobs
    result = future.result()
  File "/opt/anaconda3/envs/mgent/lib/python3.10/concurrent/futures/_base.py", line 451, in result
    return self.__get_result()
  File "/opt/anaconda3/envs/mgent/lib/python3.10/concurrent/futures/_base.py", line 403, in __get_result
    raise self._exception
  File "/opt/anaconda3/envs/mgent/lib/python3.10/concurrent/futures/thread.py", line 58, in run
    result = self.fn(*self.args, **self.kwargs)
  File "/Users/jeremypa/Documents/Venture/Nahlia/MedAgentSim/MedPromptSimulate/src/promptbase/mmlu/experiment.py", line 604, in solve
    reflect_phase(options, problem, output, backend)
  File "/Users/jeremypa/Documents/Venture/Nahlia/MedAgentSim/MedPromptSimulate/src/promptbase/mmlu/experiment.py", line 633, in reflect_phase
    Correct Reasoning: {correct_reasoning[problem['correct_answer']]}
KeyError: None
2026-02-03 21:52:15,471 [MainThread  ] [ERROR]  Error occurred during run_batch_jobs.
Traceback (most recent call last):
  File "/Users/jeremypa/Documents/Venture/Nahlia/MedAgentSim/MedPromptSimulate/src/promptbase/mmlu/utils.py", line 93, in run_batch_jobs
    result = future.result()
  File "/opt/anaconda3/envs/mgent/lib/python3.10/concurrent/futures/_base.py", line 451, in result
    return self.__get_result()
  File "/opt/anaconda3/envs/mgent/lib/python3.10/concurrent/futures/_base.py", line 403, in __get_result
    raise self._exception
  File "/opt/anaconda3/envs/mgent/lib/python3.10/concurrent/futures/thread.py", line 58, in run
    result = self.fn(*self.args, **self.kwargs)
  File "/Users/jeremypa/Documents/Venture/Nahlia/MedAgentSim/MedPromptSimulate/src/promptbase/mmlu/experiment.py", line 604, in solve
    reflect_phase(options, problem, output, backend)
  File "/Users/jeremypa/Documents/Venture/Nahlia/MedAgentSim/MedPromptSimulate/src/promptbase/mmlu/experiment.py", line 633, in reflect_phase
    Correct Reasoning: {correct_reasoning[problem['correct_answer']]}
KeyError: None
2026-02-03 21:52:19,411 [MainThread  ] [ERROR]  Error occurred during run_batch_jobs.
Traceback (most recent call last):
  File "/Users/jeremypa/Documents/Venture/Nahlia/MedAgentSim/MedPromptSimulate/src/promptbase/mmlu/utils.py", line 93, in run_batch_jobs
    result = future.result()
  File "/opt/anaconda3/envs/mgent/lib/python3.10/concurrent/futures/_base.py", line 451, in result
    return self.__get_result()
  File "/opt/anaconda3/envs/mgent/lib/python3.10/concurrent/futures/_base.py", line 403, in __get_result
    raise self._exception
  File "/opt/anaconda3/envs/mgent/lib/python3.10/concurrent/futures/thread.py", line 58, in run
    result = self.fn(*self.args, **self.kwargs)
  File "/Users/jeremypa/Documents/Venture/Nahlia/MedAgentSim/MedPromptSimulate/src/promptbase/mmlu/experiment.py", line 604, in solve
    reflect_phase(options, problem, output, backend)
  File "/Users/jeremypa/Documents/Venture/Nahlia/MedAgentSim/MedPromptSimulate/src/promptbase/mmlu/experiment.py", line 633, in reflect_phase
    Correct Reasoning: {correct_reasoning[problem['correct_answer']]}
KeyError: None
2026-02-03 21:52:23,795 [MainThread  ] [ERROR]  Error occurred during run_batch_jobs.
Traceback (most recent call last):
  File "/Users/jeremypa/Documents/Venture/Nahlia/MedAgentSim/MedPromptSimulate/src/promptbase/mmlu/utils.py", line 93, in run_batch_jobs
    result = future.result()
  File "/opt/anaconda3/envs/mgent/lib/python3.10/concurrent/futures/_base.py", line 451, in result
    return self.__get_result()
  File "/opt/anaconda3/envs/mgent/lib/python3.10/concurrent/futures/_base.py", line 403, in __get_result
    raise self._exception
  File "/opt/anaconda3/envs/mgent/lib/python3.10/concurrent/futures/thread.py", line 58, in run
    result = self.fn(*self.args, **self.kwargs)
  File "/Users/jeremypa/Documents/Venture/Nahlia/MedAgentSim/MedPromptSimulate/src/promptbase/mmlu/experiment.py", line 604, in solve
    reflect_phase(options, problem, output, backend)
  File "/Users/jeremypa/Documents/Venture/Nahlia/MedAgentSim/MedPromptSimulate/src/promptbase/mmlu/experiment.py", line 633, in reflect_phase
    Correct Reasoning: {correct_reasoning[problem['correct_answer']]}
KeyError: None
2026-02-03 21:52:30,445 [MainThread  ] [ERROR]  Error occurred during run_batch_jobs.
Traceback (most recent call last):
  File "/Users/jeremypa/Documents/Venture/Nahlia/MedAgentSim/MedPromptSimulate/src/promptbase/mmlu/utils.py", line 93, in run_batch_jobs
    result = future.result()
  File "/opt/anaconda3/envs/mgent/lib/python3.10/concurrent/futures/_base.py", line 451, in result
    return self.__get_result()
  File "/opt/anaconda3/envs/mgent/lib/python3.10/concurrent/futures/_base.py", line 403, in __get_result
    raise self._exception
  File "/opt/anaconda3/envs/mgent/lib/python3.10/concurrent/futures/thread.py", line 58, in run
    result = self.fn(*self.args, **self.kwargs)
  File "/Users/jeremypa/Documents/Venture/Nahlia/MedAgentSim/MedPromptSimulate/src/promptbase/mmlu/experiment.py", line 604, in solve
    reflect_phase(options, problem, output, backend)
  File "/Users/jeremypa/Documents/Venture/Nahlia/MedAgentSim/MedPromptSimulate/src/promptbase/mmlu/experiment.py", line 633, in reflect_phase
    Correct Reasoning: {correct_reasoning[problem['correct_answer']]}
KeyError: None
2026-02-03 21:52:33,332 [MainThread  ] [INFO ]  Doctor [100%]: DIAGNOSIS READY: Patellar tendinitis or meniscus injury
2026-02-03 21:52:33,842 [MainThread  ] [INFO ]  
Correct answer: Pes anserine bursitis
2026-02-03 21:52:33,842 [MainThread  ] [INFO ]  Scene 5, The diagnosis was INCORRECT (16.67%)
2026-02-03 21:52:33,843 [MainThread  ] [INFO ]  Dialogue history saved for scenario 5 at /Users/jeremypa/Documents/Venture/Nahlia/MedAgentSim/output/scenario_5/dialogue_history.json.
2026-02-03 21:52:33,843 [MainThread  ] [INFO ]  Simulation completed.
2026-02-03 21:59:13,392 [MainThread  ] [ERROR]  Error occurred during run_batch_jobs.
Traceback (most recent call last):
  File "/Users/jeremypa/Documents/Venture/Nahlia/MedAgentSim/MedPromptSimulate/src/promptbase/mmlu/utils.py", line 93, in run_batch_jobs
    result = future.result()
  File "/opt/anaconda3/envs/mgent/lib/python3.10/concurrent/futures/_base.py", line 451, in result
    return self.__get_result()
  File "/opt/anaconda3/envs/mgent/lib/python3.10/concurrent/futures/_base.py", line 403, in __get_result
    raise self._exception
  File "/opt/anaconda3/envs/mgent/lib/python3.10/concurrent/futures/thread.py", line 58, in run
    result = self.fn(*self.args, **self.kwargs)
  File "/Users/jeremypa/Documents/Venture/Nahlia/MedAgentSim/MedPromptSimulate/src/promptbase/mmlu/experiment.py", line 604, in solve
    reflect_phase(options, problem, output, backend)
  File "/Users/jeremypa/Documents/Venture/Nahlia/MedAgentSim/MedPromptSimulate/src/promptbase/mmlu/experiment.py", line 633, in reflect_phase
    Correct Reasoning: {correct_reasoning[problem['correct_answer']]}
KeyError: None
2026-02-03 21:59:18,567 [MainThread  ] [ERROR]  Error occurred during run_batch_jobs.
Traceback (most recent call last):
  File "/Users/jeremypa/Documents/Venture/Nahlia/MedAgentSim/MedPromptSimulate/src/promptbase/mmlu/utils.py", line 93, in run_batch_jobs
    result = future.result()
  File "/opt/anaconda3/envs/mgent/lib/python3.10/concurrent/futures/_base.py", line 451, in result
    return self.__get_result()
  File "/opt/anaconda3/envs/mgent/lib/python3.10/concurrent/futures/_base.py", line 403, in __get_result
    raise self._exception
  File "/opt/anaconda3/envs/mgent/lib/python3.10/concurrent/futures/thread.py", line 58, in run
    result = self.fn(*self.args, **self.kwargs)
  File "/Users/jeremypa/Documents/Venture/Nahlia/MedAgentSim/MedPromptSimulate/src/promptbase/mmlu/experiment.py", line 604, in solve
    reflect_phase(options, problem, output, backend)
  File "/Users/jeremypa/Documents/Venture/Nahlia/MedAgentSim/MedPromptSimulate/src/promptbase/mmlu/experiment.py", line 633, in reflect_phase
    Correct Reasoning: {correct_reasoning[problem['correct_answer']]}
KeyError: None
2026-02-03 21:59:22,718 [MainThread  ] [ERROR]  Error occurred during run_batch_jobs.
Traceback (most recent call last):
  File "/Users/jeremypa/Documents/Venture/Nahlia/MedAgentSim/MedPromptSimulate/src/promptbase/mmlu/utils.py", line 93, in run_batch_jobs
    result = future.result()
  File "/opt/anaconda3/envs/mgent/lib/python3.10/concurrent/futures/_base.py", line 451, in result
    return self.__get_result()
  File "/opt/anaconda3/envs/mgent/lib/python3.10/concurrent/futures/_base.py", line 403, in __get_result
    raise self._exception
  File "/opt/anaconda3/envs/mgent/lib/python3.10/concurrent/futures/thread.py", line 58, in run
    result = self.fn(*self.args, **self.kwargs)
  File "/Users/jeremypa/Documents/Venture/Nahlia/MedAgentSim/MedPromptSimulate/src/promptbase/mmlu/experiment.py", line 604, in solve
    reflect_phase(options, problem, output, backend)
  File "/Users/jeremypa/Documents/Venture/Nahlia/MedAgentSim/MedPromptSimulate/src/promptbase/mmlu/experiment.py", line 633, in reflect_phase
    Correct Reasoning: {correct_reasoning[problem['correct_answer']]}
KeyError: None
2026-02-03 21:59:26,863 [MainThread  ] [ERROR]  Error occurred during run_batch_jobs.
Traceback (most recent call last):
  File "/Users/jeremypa/Documents/Venture/Nahlia/MedAgentSim/MedPromptSimulate/src/promptbase/mmlu/utils.py", line 93, in run_batch_jobs
    result = future.result()
  File "/opt/anaconda3/envs/mgent/lib/python3.10/concurrent/futures/_base.py", line 451, in result
    return self.__get_result()
  File "/opt/anaconda3/envs/mgent/lib/python3.10/concurrent/futures/_base.py", line 403, in __get_result
    raise self._exception
  File "/opt/anaconda3/envs/mgent/lib/python3.10/concurrent/futures/thread.py", line 58, in run
    result = self.fn(*self.args, **self.kwargs)
  File "/Users/jeremypa/Documents/Venture/Nahlia/MedAgentSim/MedPromptSimulate/src/promptbase/mmlu/experiment.py", line 604, in solve
    reflect_phase(options, problem, output, backend)
  File "/Users/jeremypa/Documents/Venture/Nahlia/MedAgentSim/MedPromptSimulate/src/promptbase/mmlu/experiment.py", line 633, in reflect_phase
    Correct Reasoning: {correct_reasoning[problem['correct_answer']]}
KeyError: None
2026-02-03 21:59:30,038 [MainThread  ] [ERROR]  Error occurred during run_batch_jobs.
Traceback (most recent call last):
  File "/Users/jeremypa/Documents/Venture/Nahlia/MedAgentSim/MedPromptSimulate/src/promptbase/mmlu/utils.py", line 93, in run_batch_jobs
    result = future.result()
  File "/opt/anaconda3/envs/mgent/lib/python3.10/concurrent/futures/_base.py", line 451, in result
    return self.__get_result()
  File "/opt/anaconda3/envs/mgent/lib/python3.10/concurrent/futures/_base.py", line 403, in __get_result
    raise self._exception
  File "/opt/anaconda3/envs/mgent/lib/python3.10/concurrent/futures/thread.py", line 58, in run
    result = self.fn(*self.args, **self.kwargs)
  File "/Users/jeremypa/Documents/Venture/Nahlia/MedAgentSim/MedPromptSimulate/src/promptbase/mmlu/experiment.py", line 604, in solve
    reflect_phase(options, problem, output, backend)
  File "/Users/jeremypa/Documents/Venture/Nahlia/MedAgentSim/MedPromptSimulate/src/promptbase/mmlu/experiment.py", line 633, in reflect_phase
    Correct Reasoning: {correct_reasoning[problem['correct_answer']]}
KeyError: None
2026-02-03 21:59:34,493 [MainThread  ] [ERROR]  Error occurred during run_batch_jobs.
Traceback (most recent call last):
  File "/Users/jeremypa/Documents/Venture/Nahlia/MedAgentSim/MedPromptSimulate/src/promptbase/mmlu/utils.py", line 93, in run_batch_jobs
    result = future.result()
  File "/opt/anaconda3/envs/mgent/lib/python3.10/concurrent/futures/_base.py", line 451, in result
    return self.__get_result()
  File "/opt/anaconda3/envs/mgent/lib/python3.10/concurrent/futures/_base.py", line 403, in __get_result
    raise self._exception
  File "/opt/anaconda3/envs/mgent/lib/python3.10/concurrent/futures/thread.py", line 58, in run
    result = self.fn(*self.args, **self.kwargs)
  File "/Users/jeremypa/Documents/Venture/Nahlia/MedAgentSim/MedPromptSimulate/src/promptbase/mmlu/experiment.py", line 604, in solve
    reflect_phase(options, problem, output, backend)
  File "/Users/jeremypa/Documents/Venture/Nahlia/MedAgentSim/MedPromptSimulate/src/promptbase/mmlu/experiment.py", line 633, in reflect_phase
    Correct Reasoning: {correct_reasoning[problem['correct_answer']]}
KeyError: None
2026-02-03 21:59:38,379 [MainThread  ] [ERROR]  Error occurred during run_batch_jobs.
Traceback (most recent call last):
  File "/Users/jeremypa/Documents/Venture/Nahlia/MedAgentSim/MedPromptSimulate/src/promptbase/mmlu/utils.py", line 93, in run_batch_jobs
    result = future.result()
  File "/opt/anaconda3/envs/mgent/lib/python3.10/concurrent/futures/_base.py", line 451, in result
    return self.__get_result()
  File "/opt/anaconda3/envs/mgent/lib/python3.10/concurrent/futures/_base.py", line 403, in __get_result
    raise self._exception
  File "/opt/anaconda3/envs/mgent/lib/python3.10/concurrent/futures/thread.py", line 58, in run
    result = self.fn(*self.args, **self.kwargs)
  File "/Users/jeremypa/Documents/Venture/Nahlia/MedAgentSim/MedPromptSimulate/src/promptbase/mmlu/experiment.py", line 604, in solve
    reflect_phase(options, problem, output, backend)
  File "/Users/jeremypa/Documents/Venture/Nahlia/MedAgentSim/MedPromptSimulate/src/promptbase/mmlu/experiment.py", line 633, in reflect_phase
    Correct Reasoning: {correct_reasoning[problem['correct_answer']]}
KeyError: None
2026-02-03 21:59:43,199 [MainThread  ] [ERROR]  Error occurred during run_batch_jobs.
Traceback (most recent call last):
  File "/Users/jeremypa/Documents/Venture/Nahlia/MedAgentSim/MedPromptSimulate/src/promptbase/mmlu/utils.py", line 93, in run_batch_jobs
    result = future.result()
  File "/opt/anaconda3/envs/mgent/lib/python3.10/concurrent/futures/_base.py", line 451, in result
    return self.__get_result()
  File "/opt/anaconda3/envs/mgent/lib/python3.10/concurrent/futures/_base.py", line 403, in __get_result
    raise self._exception
  File "/opt/anaconda3/envs/mgent/lib/python3.10/concurrent/futures/thread.py", line 58, in run
    result = self.fn(*self.args, **self.kwargs)
  File "/Users/jeremypa/Documents/Venture/Nahlia/MedAgentSim/MedPromptSimulate/src/promptbase/mmlu/experiment.py", line 604, in solve
    reflect_phase(options, problem, output, backend)
  File "/Users/jeremypa/Documents/Venture/Nahlia/MedAgentSim/MedPromptSimulate/src/promptbase/mmlu/experiment.py", line 633, in reflect_phase
    Correct Reasoning: {correct_reasoning[problem['correct_answer']]}
KeyError: None
2026-02-03 21:59:46,785 [MainThread  ] [ERROR]  Error occurred during run_batch_jobs.
Traceback (most recent call last):
  File "/Users/jeremypa/Documents/Venture/Nahlia/MedAgentSim/MedPromptSimulate/src/promptbase/mmlu/utils.py", line 93, in run_batch_jobs
    result = future.result()
  File "/opt/anaconda3/envs/mgent/lib/python3.10/concurrent/futures/_base.py", line 451, in result
    return self.__get_result()
  File "/opt/anaconda3/envs/mgent/lib/python3.10/concurrent/futures/_base.py", line 403, in __get_result
    raise self._exception
  File "/opt/anaconda3/envs/mgent/lib/python3.10/concurrent/futures/thread.py", line 58, in run
    result = self.fn(*self.args, **self.kwargs)
  File "/Users/jeremypa/Documents/Venture/Nahlia/MedAgentSim/MedPromptSimulate/src/promptbase/mmlu/experiment.py", line 604, in solve
    reflect_phase(options, problem, output, backend)
  File "/Users/jeremypa/Documents/Venture/Nahlia/MedAgentSim/MedPromptSimulate/src/promptbase/mmlu/experiment.py", line 633, in reflect_phase
    Correct Reasoning: {correct_reasoning[problem['correct_answer']]}
KeyError: None
2026-02-03 21:59:50,746 [MainThread  ] [ERROR]  Error occurred during run_batch_jobs.
Traceback (most recent call last):
  File "/Users/jeremypa/Documents/Venture/Nahlia/MedAgentSim/MedPromptSimulate/src/promptbase/mmlu/utils.py", line 93, in run_batch_jobs
    result = future.result()
  File "/opt/anaconda3/envs/mgent/lib/python3.10/concurrent/futures/_base.py", line 451, in result
    return self.__get_result()
  File "/opt/anaconda3/envs/mgent/lib/python3.10/concurrent/futures/_base.py", line 403, in __get_result
    raise self._exception
  File "/opt/anaconda3/envs/mgent/lib/python3.10/concurrent/futures/thread.py", line 58, in run
    result = self.fn(*self.args, **self.kwargs)
  File "/Users/jeremypa/Documents/Venture/Nahlia/MedAgentSim/MedPromptSimulate/src/promptbase/mmlu/experiment.py", line 604, in solve
    reflect_phase(options, problem, output, backend)
  File "/Users/jeremypa/Documents/Venture/Nahlia/MedAgentSim/MedPromptSimulate/src/promptbase/mmlu/experiment.py", line 633, in reflect_phase
    Correct Reasoning: {correct_reasoning[problem['correct_answer']]}
KeyError: None
2026-02-03 21:59:59,296 [MainThread  ] [INFO ]  Doctor [100%]: DIAGNOSIS READY: Based on the discussions and considerations of potential conditions such as syncope, seizures, and cardiovascular issues, with a strong focus on syncope given its symptoms and prevalence in the patient's history, the final diagnosis is Syncope.

The team collectively agreed that while other conditions like seizures cannot be entirely ruled out without further diagnostic testing, the most probable explanation for the presented symptoms aligns with the medical condition of syncope. The fatigue experienced by the patient could also be related to underlying syncope episodes and warrants monitoring and management to improve quality of life. Further investigations such as an ECG and CT scan will provide additional insights to confirm the diagnosis and guide appropriate treatment strategies if necessary.
2026-02-03 22:00:00,045 [MainThread  ] [INFO ]  
Correct answer: Situational syncope
2026-02-03 22:00:00,045 [MainThread  ] [INFO ]  Scene 6, The diagnosis was CORRECT (28.57%)
2026-02-03 22:00:00,047 [MainThread  ] [INFO ]  Dialogue history saved for scenario 6 at /Users/jeremypa/Documents/Venture/Nahlia/MedAgentSim/output/scenario_6/dialogue_history.json.
2026-02-03 22:00:00,047 [MainThread  ] [INFO ]  Simulation completed.
2026-02-04 09:23:13,829 [MainThread  ] [ERROR]  Error occurred during run_batch_jobs.
Traceback (most recent call last):
  File "/Users/jeremypa/Documents/Venture/Nahlia/MedAgentSim/MedPromptSimulate/src/promptbase/mmlu/utils.py", line 93, in run_batch_jobs
    result = future.result()
  File "/opt/anaconda3/envs/mgent/lib/python3.10/concurrent/futures/_base.py", line 451, in result
    return self.__get_result()
  File "/opt/anaconda3/envs/mgent/lib/python3.10/concurrent/futures/_base.py", line 403, in __get_result
    raise self._exception
  File "/opt/anaconda3/envs/mgent/lib/python3.10/concurrent/futures/thread.py", line 58, in run
    result = self.fn(*self.args, **self.kwargs)
  File "/Users/jeremypa/Documents/Venture/Nahlia/MedAgentSim/MedPromptSimulate/src/promptbase/mmlu/experiment.py", line 604, in solve
    reflect_phase(options, problem, output, backend)
  File "/Users/jeremypa/Documents/Venture/Nahlia/MedAgentSim/MedPromptSimulate/src/promptbase/mmlu/experiment.py", line 633, in reflect_phase
    Correct Reasoning: {correct_reasoning[problem['correct_answer']]}
KeyError: None
2026-02-04 09:23:17,302 [MainThread  ] [ERROR]  Error occurred during run_batch_jobs.
Traceback (most recent call last):
  File "/Users/jeremypa/Documents/Venture/Nahlia/MedAgentSim/MedPromptSimulate/src/promptbase/mmlu/utils.py", line 93, in run_batch_jobs
    result = future.result()
  File "/opt/anaconda3/envs/mgent/lib/python3.10/concurrent/futures/_base.py", line 451, in result
    return self.__get_result()
  File "/opt/anaconda3/envs/mgent/lib/python3.10/concurrent/futures/_base.py", line 403, in __get_result
    raise self._exception
  File "/opt/anaconda3/envs/mgent/lib/python3.10/concurrent/futures/thread.py", line 58, in run
    result = self.fn(*self.args, **self.kwargs)
  File "/Users/jeremypa/Documents/Venture/Nahlia/MedAgentSim/MedPromptSimulate/src/promptbase/mmlu/experiment.py", line 604, in solve
    reflect_phase(options, problem, output, backend)
  File "/Users/jeremypa/Documents/Venture/Nahlia/MedAgentSim/MedPromptSimulate/src/promptbase/mmlu/experiment.py", line 633, in reflect_phase
    Correct Reasoning: {correct_reasoning[problem['correct_answer']]}
KeyError: None
2026-02-04 09:23:27,710 [MainThread  ] [ERROR]  Error occurred during run_batch_jobs.
Traceback (most recent call last):
  File "/Users/jeremypa/Documents/Venture/Nahlia/MedAgentSim/MedPromptSimulate/src/promptbase/mmlu/utils.py", line 93, in run_batch_jobs
    result = future.result()
  File "/opt/anaconda3/envs/mgent/lib/python3.10/concurrent/futures/_base.py", line 451, in result
    return self.__get_result()
  File "/opt/anaconda3/envs/mgent/lib/python3.10/concurrent/futures/_base.py", line 403, in __get_result
    raise self._exception
  File "/opt/anaconda3/envs/mgent/lib/python3.10/concurrent/futures/thread.py", line 58, in run
    result = self.fn(*self.args, **self.kwargs)
  File "/Users/jeremypa/Documents/Venture/Nahlia/MedAgentSim/MedPromptSimulate/src/promptbase/mmlu/experiment.py", line 604, in solve
    reflect_phase(options, problem, output, backend)
  File "/Users/jeremypa/Documents/Venture/Nahlia/MedAgentSim/MedPromptSimulate/src/promptbase/mmlu/experiment.py", line 633, in reflect_phase
    Correct Reasoning: {correct_reasoning[problem['correct_answer']]}
KeyError: None
2026-02-04 09:23:30,200 [MainThread  ] [ERROR]  Error occurred during run_batch_jobs.
Traceback (most recent call last):
  File "/Users/jeremypa/Documents/Venture/Nahlia/MedAgentSim/MedPromptSimulate/src/promptbase/mmlu/utils.py", line 93, in run_batch_jobs
    result = future.result()
  File "/opt/anaconda3/envs/mgent/lib/python3.10/concurrent/futures/_base.py", line 451, in result
    return self.__get_result()
  File "/opt/anaconda3/envs/mgent/lib/python3.10/concurrent/futures/_base.py", line 403, in __get_result
    raise self._exception
  File "/opt/anaconda3/envs/mgent/lib/python3.10/concurrent/futures/thread.py", line 58, in run
    result = self.fn(*self.args, **self.kwargs)
  File "/Users/jeremypa/Documents/Venture/Nahlia/MedAgentSim/MedPromptSimulate/src/promptbase/mmlu/experiment.py", line 604, in solve
    reflect_phase(options, problem, output, backend)
  File "/Users/jeremypa/Documents/Venture/Nahlia/MedAgentSim/MedPromptSimulate/src/promptbase/mmlu/experiment.py", line 633, in reflect_phase
    Correct Reasoning: {correct_reasoning[problem['correct_answer']]}
KeyError: None
2026-02-04 09:23:34,468 [MainThread  ] [ERROR]  Error occurred during run_batch_jobs.
Traceback (most recent call last):
  File "/Users/jeremypa/Documents/Venture/Nahlia/MedAgentSim/MedPromptSimulate/src/promptbase/mmlu/utils.py", line 93, in run_batch_jobs
    result = future.result()
  File "/opt/anaconda3/envs/mgent/lib/python3.10/concurrent/futures/_base.py", line 451, in result
    return self.__get_result()
  File "/opt/anaconda3/envs/mgent/lib/python3.10/concurrent/futures/_base.py", line 403, in __get_result
    raise self._exception
  File "/opt/anaconda3/envs/mgent/lib/python3.10/concurrent/futures/thread.py", line 58, in run
    result = self.fn(*self.args, **self.kwargs)
  File "/Users/jeremypa/Documents/Venture/Nahlia/MedAgentSim/MedPromptSimulate/src/promptbase/mmlu/experiment.py", line 604, in solve
    reflect_phase(options, problem, output, backend)
  File "/Users/jeremypa/Documents/Venture/Nahlia/MedAgentSim/MedPromptSimulate/src/promptbase/mmlu/experiment.py", line 633, in reflect_phase
    Correct Reasoning: {correct_reasoning[problem['correct_answer']]}
KeyError: None
2026-02-04 09:23:38,022 [MainThread  ] [ERROR]  Error occurred during run_batch_jobs.
Traceback (most recent call last):
  File "/Users/jeremypa/Documents/Venture/Nahlia/MedAgentSim/MedPromptSimulate/src/promptbase/mmlu/utils.py", line 93, in run_batch_jobs
    result = future.result()
  File "/opt/anaconda3/envs/mgent/lib/python3.10/concurrent/futures/_base.py", line 451, in result
    return self.__get_result()
  File "/opt/anaconda3/envs/mgent/lib/python3.10/concurrent/futures/_base.py", line 403, in __get_result
    raise self._exception
  File "/opt/anaconda3/envs/mgent/lib/python3.10/concurrent/futures/thread.py", line 58, in run
    result = self.fn(*self.args, **self.kwargs)
  File "/Users/jeremypa/Documents/Venture/Nahlia/MedAgentSim/MedPromptSimulate/src/promptbase/mmlu/experiment.py", line 604, in solve
    reflect_phase(options, problem, output, backend)
  File "/Users/jeremypa/Documents/Venture/Nahlia/MedAgentSim/MedPromptSimulate/src/promptbase/mmlu/experiment.py", line 633, in reflect_phase
    Correct Reasoning: {correct_reasoning[problem['correct_answer']]}
KeyError: None
2026-02-04 09:23:41,169 [MainThread  ] [ERROR]  Error occurred during run_batch_jobs.
Traceback (most recent call last):
  File "/Users/jeremypa/Documents/Venture/Nahlia/MedAgentSim/MedPromptSimulate/src/promptbase/mmlu/utils.py", line 93, in run_batch_jobs
    result = future.result()
  File "/opt/anaconda3/envs/mgent/lib/python3.10/concurrent/futures/_base.py", line 451, in result
    return self.__get_result()
  File "/opt/anaconda3/envs/mgent/lib/python3.10/concurrent/futures/_base.py", line 403, in __get_result
    raise self._exception
  File "/opt/anaconda3/envs/mgent/lib/python3.10/concurrent/futures/thread.py", line 58, in run
    result = self.fn(*self.args, **self.kwargs)
  File "/Users/jeremypa/Documents/Venture/Nahlia/MedAgentSim/MedPromptSimulate/src/promptbase/mmlu/experiment.py", line 604, in solve
    reflect_phase(options, problem, output, backend)
  File "/Users/jeremypa/Documents/Venture/Nahlia/MedAgentSim/MedPromptSimulate/src/promptbase/mmlu/experiment.py", line 633, in reflect_phase
    Correct Reasoning: {correct_reasoning[problem['correct_answer']]}
KeyError: None
2026-02-04 09:23:44,334 [MainThread  ] [ERROR]  Error occurred during run_batch_jobs.
Traceback (most recent call last):
  File "/Users/jeremypa/Documents/Venture/Nahlia/MedAgentSim/MedPromptSimulate/src/promptbase/mmlu/utils.py", line 93, in run_batch_jobs
    result = future.result()
  File "/opt/anaconda3/envs/mgent/lib/python3.10/concurrent/futures/_base.py", line 451, in result
    return self.__get_result()
  File "/opt/anaconda3/envs/mgent/lib/python3.10/concurrent/futures/_base.py", line 403, in __get_result
    raise self._exception
  File "/opt/anaconda3/envs/mgent/lib/python3.10/concurrent/futures/thread.py", line 58, in run
    result = self.fn(*self.args, **self.kwargs)
  File "/Users/jeremypa/Documents/Venture/Nahlia/MedAgentSim/MedPromptSimulate/src/promptbase/mmlu/experiment.py", line 604, in solve
    reflect_phase(options, problem, output, backend)
  File "/Users/jeremypa/Documents/Venture/Nahlia/MedAgentSim/MedPromptSimulate/src/promptbase/mmlu/experiment.py", line 633, in reflect_phase
    Correct Reasoning: {correct_reasoning[problem['correct_answer']]}
KeyError: None
2026-02-04 09:23:47,868 [MainThread  ] [ERROR]  Error occurred during run_batch_jobs.
Traceback (most recent call last):
  File "/Users/jeremypa/Documents/Venture/Nahlia/MedAgentSim/MedPromptSimulate/src/promptbase/mmlu/utils.py", line 93, in run_batch_jobs
    result = future.result()
  File "/opt/anaconda3/envs/mgent/lib/python3.10/concurrent/futures/_base.py", line 451, in result
    return self.__get_result()
  File "/opt/anaconda3/envs/mgent/lib/python3.10/concurrent/futures/_base.py", line 403, in __get_result
    raise self._exception
  File "/opt/anaconda3/envs/mgent/lib/python3.10/concurrent/futures/thread.py", line 58, in run
    result = self.fn(*self.args, **self.kwargs)
  File "/Users/jeremypa/Documents/Venture/Nahlia/MedAgentSim/MedPromptSimulate/src/promptbase/mmlu/experiment.py", line 604, in solve
    reflect_phase(options, problem, output, backend)
  File "/Users/jeremypa/Documents/Venture/Nahlia/MedAgentSim/MedPromptSimulate/src/promptbase/mmlu/experiment.py", line 633, in reflect_phase
    Correct Reasoning: {correct_reasoning[problem['correct_answer']]}
KeyError: None
2026-02-04 09:23:55,098 [MainThread  ] [ERROR]  Error occurred during run_batch_jobs.
Traceback (most recent call last):
  File "/Users/jeremypa/Documents/Venture/Nahlia/MedAgentSim/MedPromptSimulate/src/promptbase/mmlu/utils.py", line 93, in run_batch_jobs
    result = future.result()
  File "/opt/anaconda3/envs/mgent/lib/python3.10/concurrent/futures/_base.py", line 451, in result
    return self.__get_result()
  File "/opt/anaconda3/envs/mgent/lib/python3.10/concurrent/futures/_base.py", line 403, in __get_result
    raise self._exception
  File "/opt/anaconda3/envs/mgent/lib/python3.10/concurrent/futures/thread.py", line 58, in run
    result = self.fn(*self.args, **self.kwargs)
  File "/Users/jeremypa/Documents/Venture/Nahlia/MedAgentSim/MedPromptSimulate/src/promptbase/mmlu/experiment.py", line 604, in solve
    reflect_phase(options, problem, output, backend)
  File "/Users/jeremypa/Documents/Venture/Nahlia/MedAgentSim/MedPromptSimulate/src/promptbase/mmlu/experiment.py", line 633, in reflect_phase
    Correct Reasoning: {correct_reasoning[problem['correct_answer']]}
KeyError: None
2026-02-04 09:23:57,930 [MainThread  ] [INFO ]  Doctor [100%]: DIAGNOSIS READY: Multiple Sclerosis combined with Myasthenia Gravis
2026-02-04 09:23:58,420 [MainThread  ] [INFO ]  
Correct answer: Myasthenia gravis
2026-02-04 09:23:58,420 [MainThread  ] [INFO ]  Scene 0, The diagnosis was INCORRECT (0.00%)
2026-02-04 09:23:58,423 [MainThread  ] [INFO ]  Dialogue history saved for scenario 0 at /Users/jeremypa/Documents/Venture/Nahlia/MedAgentSim/output/scenario_0/dialogue_history.json.
2026-02-04 09:23:58,423 [MainThread  ] [INFO ]  Simulation completed.
2026-02-04 13:41:16,170 [MainThread  ] [ERROR]  Error occurred during run_batch_jobs.
Traceback (most recent call last):
  File "/Users/jeremypa/Documents/Venture/Nahlia/MedAgentSim/MedPromptSimulate/src/promptbase/mmlu/utils.py", line 93, in run_batch_jobs
    result = future.result()
  File "/opt/anaconda3/envs/mgent/lib/python3.10/concurrent/futures/_base.py", line 451, in result
    return self.__get_result()
  File "/opt/anaconda3/envs/mgent/lib/python3.10/concurrent/futures/_base.py", line 403, in __get_result
    raise self._exception
  File "/opt/anaconda3/envs/mgent/lib/python3.10/concurrent/futures/thread.py", line 58, in run
    result = self.fn(*self.args, **self.kwargs)
  File "/Users/jeremypa/Documents/Venture/Nahlia/MedAgentSim/MedPromptSimulate/src/promptbase/mmlu/experiment.py", line 604, in solve
    reflect_phase(options, problem, output, backend)
  File "/Users/jeremypa/Documents/Venture/Nahlia/MedAgentSim/MedPromptSimulate/src/promptbase/mmlu/experiment.py", line 633, in reflect_phase
    Correct Reasoning: {correct_reasoning[problem['correct_answer']]}
KeyError: None
2026-02-04 13:41:21,004 [MainThread  ] [ERROR]  Error occurred during run_batch_jobs.
Traceback (most recent call last):
  File "/Users/jeremypa/Documents/Venture/Nahlia/MedAgentSim/MedPromptSimulate/src/promptbase/mmlu/utils.py", line 93, in run_batch_jobs
    result = future.result()
  File "/opt/anaconda3/envs/mgent/lib/python3.10/concurrent/futures/_base.py", line 451, in result
    return self.__get_result()
  File "/opt/anaconda3/envs/mgent/lib/python3.10/concurrent/futures/_base.py", line 403, in __get_result
    raise self._exception
  File "/opt/anaconda3/envs/mgent/lib/python3.10/concurrent/futures/thread.py", line 58, in run
    result = self.fn(*self.args, **self.kwargs)
  File "/Users/jeremypa/Documents/Venture/Nahlia/MedAgentSim/MedPromptSimulate/src/promptbase/mmlu/experiment.py", line 604, in solve
    reflect_phase(options, problem, output, backend)
  File "/Users/jeremypa/Documents/Venture/Nahlia/MedAgentSim/MedPromptSimulate/src/promptbase/mmlu/experiment.py", line 633, in reflect_phase
    Correct Reasoning: {correct_reasoning[problem['correct_answer']]}
KeyError: None
2026-02-04 13:41:25,113 [MainThread  ] [ERROR]  Error occurred during run_batch_jobs.
Traceback (most recent call last):
  File "/Users/jeremypa/Documents/Venture/Nahlia/MedAgentSim/MedPromptSimulate/src/promptbase/mmlu/utils.py", line 93, in run_batch_jobs
    result = future.result()
  File "/opt/anaconda3/envs/mgent/lib/python3.10/concurrent/futures/_base.py", line 451, in result
    return self.__get_result()
  File "/opt/anaconda3/envs/mgent/lib/python3.10/concurrent/futures/_base.py", line 403, in __get_result
    raise self._exception
  File "/opt/anaconda3/envs/mgent/lib/python3.10/concurrent/futures/thread.py", line 58, in run
    result = self.fn(*self.args, **self.kwargs)
  File "/Users/jeremypa/Documents/Venture/Nahlia/MedAgentSim/MedPromptSimulate/src/promptbase/mmlu/experiment.py", line 604, in solve
    reflect_phase(options, problem, output, backend)
  File "/Users/jeremypa/Documents/Venture/Nahlia/MedAgentSim/MedPromptSimulate/src/promptbase/mmlu/experiment.py", line 633, in reflect_phase
    Correct Reasoning: {correct_reasoning[problem['correct_answer']]}
KeyError: None
2026-02-04 13:41:29,133 [MainThread  ] [ERROR]  Error occurred during run_batch_jobs.
Traceback (most recent call last):
  File "/Users/jeremypa/Documents/Venture/Nahlia/MedAgentSim/MedPromptSimulate/src/promptbase/mmlu/utils.py", line 93, in run_batch_jobs
    result = future.result()
  File "/opt/anaconda3/envs/mgent/lib/python3.10/concurrent/futures/_base.py", line 451, in result
    return self.__get_result()
  File "/opt/anaconda3/envs/mgent/lib/python3.10/concurrent/futures/_base.py", line 403, in __get_result
    raise self._exception
  File "/opt/anaconda3/envs/mgent/lib/python3.10/concurrent/futures/thread.py", line 58, in run
    result = self.fn(*self.args, **self.kwargs)
  File "/Users/jeremypa/Documents/Venture/Nahlia/MedAgentSim/MedPromptSimulate/src/promptbase/mmlu/experiment.py", line 604, in solve
    reflect_phase(options, problem, output, backend)
  File "/Users/jeremypa/Documents/Venture/Nahlia/MedAgentSim/MedPromptSimulate/src/promptbase/mmlu/experiment.py", line 633, in reflect_phase
    Correct Reasoning: {correct_reasoning[problem['correct_answer']]}
KeyError: None
2026-02-04 13:41:33,355 [MainThread  ] [ERROR]  Error occurred during run_batch_jobs.
Traceback (most recent call last):
  File "/Users/jeremypa/Documents/Venture/Nahlia/MedAgentSim/MedPromptSimulate/src/promptbase/mmlu/utils.py", line 93, in run_batch_jobs
    result = future.result()
  File "/opt/anaconda3/envs/mgent/lib/python3.10/concurrent/futures/_base.py", line 451, in result
    return self.__get_result()
  File "/opt/anaconda3/envs/mgent/lib/python3.10/concurrent/futures/_base.py", line 403, in __get_result
    raise self._exception
  File "/opt/anaconda3/envs/mgent/lib/python3.10/concurrent/futures/thread.py", line 58, in run
    result = self.fn(*self.args, **self.kwargs)
  File "/Users/jeremypa/Documents/Venture/Nahlia/MedAgentSim/MedPromptSimulate/src/promptbase/mmlu/experiment.py", line 604, in solve
    reflect_phase(options, problem, output, backend)
  File "/Users/jeremypa/Documents/Venture/Nahlia/MedAgentSim/MedPromptSimulate/src/promptbase/mmlu/experiment.py", line 633, in reflect_phase
    Correct Reasoning: {correct_reasoning[problem['correct_answer']]}
KeyError: None
2026-02-04 13:41:37,327 [MainThread  ] [ERROR]  Error occurred during run_batch_jobs.
Traceback (most recent call last):
  File "/Users/jeremypa/Documents/Venture/Nahlia/MedAgentSim/MedPromptSimulate/src/promptbase/mmlu/utils.py", line 93, in run_batch_jobs
    result = future.result()
  File "/opt/anaconda3/envs/mgent/lib/python3.10/concurrent/futures/_base.py", line 451, in result
    return self.__get_result()
  File "/opt/anaconda3/envs/mgent/lib/python3.10/concurrent/futures/_base.py", line 403, in __get_result
    raise self._exception
  File "/opt/anaconda3/envs/mgent/lib/python3.10/concurrent/futures/thread.py", line 58, in run
    result = self.fn(*self.args, **self.kwargs)
  File "/Users/jeremypa/Documents/Venture/Nahlia/MedAgentSim/MedPromptSimulate/src/promptbase/mmlu/experiment.py", line 604, in solve
    reflect_phase(options, problem, output, backend)
  File "/Users/jeremypa/Documents/Venture/Nahlia/MedAgentSim/MedPromptSimulate/src/promptbase/mmlu/experiment.py", line 633, in reflect_phase
    Correct Reasoning: {correct_reasoning[problem['correct_answer']]}
KeyError: None
2026-02-04 13:41:41,255 [MainThread  ] [ERROR]  Error occurred during run_batch_jobs.
Traceback (most recent call last):
  File "/Users/jeremypa/Documents/Venture/Nahlia/MedAgentSim/MedPromptSimulate/src/promptbase/mmlu/utils.py", line 93, in run_batch_jobs
    result = future.result()
  File "/opt/anaconda3/envs/mgent/lib/python3.10/concurrent/futures/_base.py", line 451, in result
    return self.__get_result()
  File "/opt/anaconda3/envs/mgent/lib/python3.10/concurrent/futures/_base.py", line 403, in __get_result
    raise self._exception
  File "/opt/anaconda3/envs/mgent/lib/python3.10/concurrent/futures/thread.py", line 58, in run
    result = self.fn(*self.args, **self.kwargs)
  File "/Users/jeremypa/Documents/Venture/Nahlia/MedAgentSim/MedPromptSimulate/src/promptbase/mmlu/experiment.py", line 604, in solve
    reflect_phase(options, problem, output, backend)
  File "/Users/jeremypa/Documents/Venture/Nahlia/MedAgentSim/MedPromptSimulate/src/promptbase/mmlu/experiment.py", line 633, in reflect_phase
    Correct Reasoning: {correct_reasoning[problem['correct_answer']]}
KeyError: None
2026-02-04 13:41:45,895 [MainThread  ] [ERROR]  Error occurred during run_batch_jobs.
Traceback (most recent call last):
  File "/Users/jeremypa/Documents/Venture/Nahlia/MedAgentSim/MedPromptSimulate/src/promptbase/mmlu/utils.py", line 93, in run_batch_jobs
    result = future.result()
  File "/opt/anaconda3/envs/mgent/lib/python3.10/concurrent/futures/_base.py", line 451, in result
    return self.__get_result()
  File "/opt/anaconda3/envs/mgent/lib/python3.10/concurrent/futures/_base.py", line 403, in __get_result
    raise self._exception
  File "/opt/anaconda3/envs/mgent/lib/python3.10/concurrent/futures/thread.py", line 58, in run
    result = self.fn(*self.args, **self.kwargs)
  File "/Users/jeremypa/Documents/Venture/Nahlia/MedAgentSim/MedPromptSimulate/src/promptbase/mmlu/experiment.py", line 604, in solve
    reflect_phase(options, problem, output, backend)
  File "/Users/jeremypa/Documents/Venture/Nahlia/MedAgentSim/MedPromptSimulate/src/promptbase/mmlu/experiment.py", line 633, in reflect_phase
    Correct Reasoning: {correct_reasoning[problem['correct_answer']]}
KeyError: None
2026-02-04 13:41:53,098 [MainThread  ] [ERROR]  Error occurred during run_batch_jobs.
Traceback (most recent call last):
  File "/Users/jeremypa/Documents/Venture/Nahlia/MedAgentSim/MedPromptSimulate/src/promptbase/mmlu/utils.py", line 93, in run_batch_jobs
    result = future.result()
  File "/opt/anaconda3/envs/mgent/lib/python3.10/concurrent/futures/_base.py", line 451, in result
    return self.__get_result()
  File "/opt/anaconda3/envs/mgent/lib/python3.10/concurrent/futures/_base.py", line 403, in __get_result
    raise self._exception
  File "/opt/anaconda3/envs/mgent/lib/python3.10/concurrent/futures/thread.py", line 58, in run
    result = self.fn(*self.args, **self.kwargs)
  File "/Users/jeremypa/Documents/Venture/Nahlia/MedAgentSim/MedPromptSimulate/src/promptbase/mmlu/experiment.py", line 604, in solve
    reflect_phase(options, problem, output, backend)
  File "/Users/jeremypa/Documents/Venture/Nahlia/MedAgentSim/MedPromptSimulate/src/promptbase/mmlu/experiment.py", line 633, in reflect_phase
    Correct Reasoning: {correct_reasoning[problem['correct_answer']]}
KeyError: None
2026-02-04 13:42:00,446 [MainThread  ] [ERROR]  Error occurred during run_batch_jobs.
Traceback (most recent call last):
  File "/Users/jeremypa/Documents/Venture/Nahlia/MedAgentSim/MedPromptSimulate/src/promptbase/mmlu/utils.py", line 93, in run_batch_jobs
    result = future.result()
  File "/opt/anaconda3/envs/mgent/lib/python3.10/concurrent/futures/_base.py", line 451, in result
    return self.__get_result()
  File "/opt/anaconda3/envs/mgent/lib/python3.10/concurrent/futures/_base.py", line 403, in __get_result
    raise self._exception
  File "/opt/anaconda3/envs/mgent/lib/python3.10/concurrent/futures/thread.py", line 58, in run
    result = self.fn(*self.args, **self.kwargs)
  File "/Users/jeremypa/Documents/Venture/Nahlia/MedAgentSim/MedPromptSimulate/src/promptbase/mmlu/experiment.py", line 604, in solve
    reflect_phase(options, problem, output, backend)
  File "/Users/jeremypa/Documents/Venture/Nahlia/MedAgentSim/MedPromptSimulate/src/promptbase/mmlu/experiment.py", line 633, in reflect_phase
    Correct Reasoning: {correct_reasoning[problem['correct_answer']]}
KeyError: None
2026-02-04 13:42:04,776 [MainThread  ] [INFO ]  Doctor [100%]: DIAGNOSIS READY: The final diagnosis based on majority vote among the doctors includes Gastroesophageal Reflux Disease (GERD), food allergies, and gastrointestinal motility disorders. This diagnosis is supported by the patient's symptoms of feeding difficulties, abdominal distension, irritability during feedings, and specific foods causing discomfort or difficulty swallowing. Comprehensive management including treatment for GERD, dietary modifications to avoid known allergens, and addressing issues related to gastrointestinal motility will be necessary.
2026-02-04 13:42:05,388 [MainThread  ] [INFO ]  
Correct answer: Hirschsprung disease
2026-02-04 13:42:05,388 [MainThread  ] [INFO ]  Scene 2, The diagnosis was INCORRECT (0.00%)
2026-02-04 13:42:05,388 [MainThread  ] [INFO ]  Dialogue history saved for scenario 2 at /Users/jeremypa/Documents/Venture/Nahlia/MedAgentSim/output/scenario_2/dialogue_history.json.
2026-02-04 13:42:05,388 [MainThread  ] [INFO ]  Simulation completed.
2026-02-04 13:53:45,558 [MainThread  ] [ERROR]  Error occurred during run_batch_jobs.
Traceback (most recent call last):
  File "/Users/jeremypa/Documents/Venture/Nahlia/MedAgentSim/MedPromptSimulate/src/promptbase/mmlu/utils.py", line 93, in run_batch_jobs
    result = future.result()
  File "/opt/anaconda3/envs/mgent/lib/python3.10/concurrent/futures/_base.py", line 451, in result
    return self.__get_result()
  File "/opt/anaconda3/envs/mgent/lib/python3.10/concurrent/futures/_base.py", line 403, in __get_result
    raise self._exception
  File "/opt/anaconda3/envs/mgent/lib/python3.10/concurrent/futures/thread.py", line 58, in run
    result = self.fn(*self.args, **self.kwargs)
  File "/Users/jeremypa/Documents/Venture/Nahlia/MedAgentSim/MedPromptSimulate/src/promptbase/mmlu/experiment.py", line 604, in solve
    reflect_phase(options, problem, output, backend)
  File "/Users/jeremypa/Documents/Venture/Nahlia/MedAgentSim/MedPromptSimulate/src/promptbase/mmlu/experiment.py", line 633, in reflect_phase
    Correct Reasoning: {correct_reasoning[problem['correct_answer']]}
KeyError: None
2026-02-04 13:53:49,414 [MainThread  ] [ERROR]  Error occurred during run_batch_jobs.
Traceback (most recent call last):
  File "/Users/jeremypa/Documents/Venture/Nahlia/MedAgentSim/MedPromptSimulate/src/promptbase/mmlu/utils.py", line 93, in run_batch_jobs
    result = future.result()
  File "/opt/anaconda3/envs/mgent/lib/python3.10/concurrent/futures/_base.py", line 451, in result
    return self.__get_result()
  File "/opt/anaconda3/envs/mgent/lib/python3.10/concurrent/futures/_base.py", line 403, in __get_result
    raise self._exception
  File "/opt/anaconda3/envs/mgent/lib/python3.10/concurrent/futures/thread.py", line 58, in run
    result = self.fn(*self.args, **self.kwargs)
  File "/Users/jeremypa/Documents/Venture/Nahlia/MedAgentSim/MedPromptSimulate/src/promptbase/mmlu/experiment.py", line 604, in solve
    reflect_phase(options, problem, output, backend)
  File "/Users/jeremypa/Documents/Venture/Nahlia/MedAgentSim/MedPromptSimulate/src/promptbase/mmlu/experiment.py", line 633, in reflect_phase
    Correct Reasoning: {correct_reasoning[problem['correct_answer']]}
KeyError: None
2026-02-04 13:53:53,121 [MainThread  ] [ERROR]  Error occurred during run_batch_jobs.
Traceback (most recent call last):
  File "/Users/jeremypa/Documents/Venture/Nahlia/MedAgentSim/MedPromptSimulate/src/promptbase/mmlu/utils.py", line 93, in run_batch_jobs
    result = future.result()
  File "/opt/anaconda3/envs/mgent/lib/python3.10/concurrent/futures/_base.py", line 451, in result
    return self.__get_result()
  File "/opt/anaconda3/envs/mgent/lib/python3.10/concurrent/futures/_base.py", line 403, in __get_result
    raise self._exception
  File "/opt/anaconda3/envs/mgent/lib/python3.10/concurrent/futures/thread.py", line 58, in run
    result = self.fn(*self.args, **self.kwargs)
  File "/Users/jeremypa/Documents/Venture/Nahlia/MedAgentSim/MedPromptSimulate/src/promptbase/mmlu/experiment.py", line 604, in solve
    reflect_phase(options, problem, output, backend)
  File "/Users/jeremypa/Documents/Venture/Nahlia/MedAgentSim/MedPromptSimulate/src/promptbase/mmlu/experiment.py", line 633, in reflect_phase
    Correct Reasoning: {correct_reasoning[problem['correct_answer']]}
KeyError: None
2026-02-04 13:53:56,951 [MainThread  ] [ERROR]  Error occurred during run_batch_jobs.
Traceback (most recent call last):
  File "/Users/jeremypa/Documents/Venture/Nahlia/MedAgentSim/MedPromptSimulate/src/promptbase/mmlu/utils.py", line 93, in run_batch_jobs
    result = future.result()
  File "/opt/anaconda3/envs/mgent/lib/python3.10/concurrent/futures/_base.py", line 451, in result
    return self.__get_result()
  File "/opt/anaconda3/envs/mgent/lib/python3.10/concurrent/futures/_base.py", line 403, in __get_result
    raise self._exception
  File "/opt/anaconda3/envs/mgent/lib/python3.10/concurrent/futures/thread.py", line 58, in run
    result = self.fn(*self.args, **self.kwargs)
  File "/Users/jeremypa/Documents/Venture/Nahlia/MedAgentSim/MedPromptSimulate/src/promptbase/mmlu/experiment.py", line 604, in solve
    reflect_phase(options, problem, output, backend)
  File "/Users/jeremypa/Documents/Venture/Nahlia/MedAgentSim/MedPromptSimulate/src/promptbase/mmlu/experiment.py", line 633, in reflect_phase
    Correct Reasoning: {correct_reasoning[problem['correct_answer']]}
KeyError: None
2026-02-04 13:54:01,370 [MainThread  ] [ERROR]  Error occurred during run_batch_jobs.
Traceback (most recent call last):
  File "/Users/jeremypa/Documents/Venture/Nahlia/MedAgentSim/MedPromptSimulate/src/promptbase/mmlu/utils.py", line 93, in run_batch_jobs
    result = future.result()
  File "/opt/anaconda3/envs/mgent/lib/python3.10/concurrent/futures/_base.py", line 451, in result
    return self.__get_result()
  File "/opt/anaconda3/envs/mgent/lib/python3.10/concurrent/futures/_base.py", line 403, in __get_result
    raise self._exception
  File "/opt/anaconda3/envs/mgent/lib/python3.10/concurrent/futures/thread.py", line 58, in run
    result = self.fn(*self.args, **self.kwargs)
  File "/Users/jeremypa/Documents/Venture/Nahlia/MedAgentSim/MedPromptSimulate/src/promptbase/mmlu/experiment.py", line 604, in solve
    reflect_phase(options, problem, output, backend)
  File "/Users/jeremypa/Documents/Venture/Nahlia/MedAgentSim/MedPromptSimulate/src/promptbase/mmlu/experiment.py", line 633, in reflect_phase
    Correct Reasoning: {correct_reasoning[problem['correct_answer']]}
KeyError: None
2026-02-04 13:54:05,930 [MainThread  ] [ERROR]  Error occurred during run_batch_jobs.
Traceback (most recent call last):
  File "/Users/jeremypa/Documents/Venture/Nahlia/MedAgentSim/MedPromptSimulate/src/promptbase/mmlu/utils.py", line 93, in run_batch_jobs
    result = future.result()
  File "/opt/anaconda3/envs/mgent/lib/python3.10/concurrent/futures/_base.py", line 451, in result
    return self.__get_result()
  File "/opt/anaconda3/envs/mgent/lib/python3.10/concurrent/futures/_base.py", line 403, in __get_result
    raise self._exception
  File "/opt/anaconda3/envs/mgent/lib/python3.10/concurrent/futures/thread.py", line 58, in run
    result = self.fn(*self.args, **self.kwargs)
  File "/Users/jeremypa/Documents/Venture/Nahlia/MedAgentSim/MedPromptSimulate/src/promptbase/mmlu/experiment.py", line 604, in solve
    reflect_phase(options, problem, output, backend)
  File "/Users/jeremypa/Documents/Venture/Nahlia/MedAgentSim/MedPromptSimulate/src/promptbase/mmlu/experiment.py", line 633, in reflect_phase
    Correct Reasoning: {correct_reasoning[problem['correct_answer']]}
KeyError: None
2026-02-04 13:54:13,636 [MainThread  ] [ERROR]  Error occurred during run_batch_jobs.
Traceback (most recent call last):
  File "/Users/jeremypa/Documents/Venture/Nahlia/MedAgentSim/MedPromptSimulate/src/promptbase/mmlu/utils.py", line 93, in run_batch_jobs
    result = future.result()
  File "/opt/anaconda3/envs/mgent/lib/python3.10/concurrent/futures/_base.py", line 451, in result
    return self.__get_result()
  File "/opt/anaconda3/envs/mgent/lib/python3.10/concurrent/futures/_base.py", line 403, in __get_result
    raise self._exception
  File "/opt/anaconda3/envs/mgent/lib/python3.10/concurrent/futures/thread.py", line 58, in run
    result = self.fn(*self.args, **self.kwargs)
  File "/Users/jeremypa/Documents/Venture/Nahlia/MedAgentSim/MedPromptSimulate/src/promptbase/mmlu/experiment.py", line 604, in solve
    reflect_phase(options, problem, output, backend)
  File "/Users/jeremypa/Documents/Venture/Nahlia/MedAgentSim/MedPromptSimulate/src/promptbase/mmlu/experiment.py", line 633, in reflect_phase
    Correct Reasoning: {correct_reasoning[problem['correct_answer']]}
KeyError: None
2026-02-04 13:54:17,299 [MainThread  ] [ERROR]  Error occurred during run_batch_jobs.
Traceback (most recent call last):
  File "/Users/jeremypa/Documents/Venture/Nahlia/MedAgentSim/MedPromptSimulate/src/promptbase/mmlu/utils.py", line 93, in run_batch_jobs
    result = future.result()
  File "/opt/anaconda3/envs/mgent/lib/python3.10/concurrent/futures/_base.py", line 451, in result
    return self.__get_result()
  File "/opt/anaconda3/envs/mgent/lib/python3.10/concurrent/futures/_base.py", line 403, in __get_result
    raise self._exception
  File "/opt/anaconda3/envs/mgent/lib/python3.10/concurrent/futures/thread.py", line 58, in run
    result = self.fn(*self.args, **self.kwargs)
  File "/Users/jeremypa/Documents/Venture/Nahlia/MedAgentSim/MedPromptSimulate/src/promptbase/mmlu/experiment.py", line 604, in solve
    reflect_phase(options, problem, output, backend)
  File "/Users/jeremypa/Documents/Venture/Nahlia/MedAgentSim/MedPromptSimulate/src/promptbase/mmlu/experiment.py", line 633, in reflect_phase
    Correct Reasoning: {correct_reasoning[problem['correct_answer']]}
KeyError: None
2026-02-04 13:54:20,507 [MainThread  ] [ERROR]  Error occurred during run_batch_jobs.
Traceback (most recent call last):
  File "/Users/jeremypa/Documents/Venture/Nahlia/MedAgentSim/MedPromptSimulate/src/promptbase/mmlu/utils.py", line 93, in run_batch_jobs
    result = future.result()
  File "/opt/anaconda3/envs/mgent/lib/python3.10/concurrent/futures/_base.py", line 451, in result
    return self.__get_result()
  File "/opt/anaconda3/envs/mgent/lib/python3.10/concurrent/futures/_base.py", line 403, in __get_result
    raise self._exception
  File "/opt/anaconda3/envs/mgent/lib/python3.10/concurrent/futures/thread.py", line 58, in run
    result = self.fn(*self.args, **self.kwargs)
  File "/Users/jeremypa/Documents/Venture/Nahlia/MedAgentSim/MedPromptSimulate/src/promptbase/mmlu/experiment.py", line 604, in solve
    reflect_phase(options, problem, output, backend)
  File "/Users/jeremypa/Documents/Venture/Nahlia/MedAgentSim/MedPromptSimulate/src/promptbase/mmlu/experiment.py", line 633, in reflect_phase
    Correct Reasoning: {correct_reasoning[problem['correct_answer']]}
KeyError: None
2026-02-04 13:54:24,531 [MainThread  ] [ERROR]  Error occurred during run_batch_jobs.
Traceback (most recent call last):
  File "/Users/jeremypa/Documents/Venture/Nahlia/MedAgentSim/MedPromptSimulate/src/promptbase/mmlu/utils.py", line 93, in run_batch_jobs
    result = future.result()
  File "/opt/anaconda3/envs/mgent/lib/python3.10/concurrent/futures/_base.py", line 451, in result
    return self.__get_result()
  File "/opt/anaconda3/envs/mgent/lib/python3.10/concurrent/futures/_base.py", line 403, in __get_result
    raise self._exception
  File "/opt/anaconda3/envs/mgent/lib/python3.10/concurrent/futures/thread.py", line 58, in run
    result = self.fn(*self.args, **self.kwargs)
  File "/Users/jeremypa/Documents/Venture/Nahlia/MedAgentSim/MedPromptSimulate/src/promptbase/mmlu/experiment.py", line 604, in solve
    reflect_phase(options, problem, output, backend)
  File "/Users/jeremypa/Documents/Venture/Nahlia/MedAgentSim/MedPromptSimulate/src/promptbase/mmlu/experiment.py", line 633, in reflect_phase
    Correct Reasoning: {correct_reasoning[problem['correct_answer']]}
KeyError: None
2026-02-04 13:54:28,473 [MainThread  ] [INFO ]  Doctor [100%]: DIAGNOSIS READY: Patellar Tendinitis due to overuse.

The majority of doctors in our discussion concluded that the patient's symptoms, history, and conservative management steps align well with a diagnosis of patellar tendinitis exacerbated by overuse. The X-ray and blood test results will provide definitive evidence for confirming this diagnosis.
2026-02-04 13:54:29,085 [MainThread  ] [INFO ]  
Correct answer: Pes anserine bursitis
2026-02-04 13:54:29,085 [MainThread  ] [INFO ]  Scene 5, The diagnosis was INCORRECT (0.00%)
2026-02-04 13:54:29,086 [MainThread  ] [INFO ]  Dialogue history saved for scenario 5 at /Users/jeremypa/Documents/Venture/Nahlia/MedAgentSim/output/scenario_5/dialogue_history.json.
2026-02-04 13:54:29,086 [MainThread  ] [INFO ]  Simulation completed.
